Scat,Site,Season,Year,Pack,Lat,Long,Bird,Carnivore,Domestic_cattle,Insect,Leporid,Other,Plant_matter,Reptile,Seeds_berries,Sciurid,Small_mammal,Trash,Ungulate,Ungulate_spp,Ungulate_age
4,MV,Winter,2018,Out,48.59491,-120.094,0,0,0,0,0,0,8,0,0,0,0,0,92,Deer,A
26,MV,Winter,2018,Out,48.58298,-120.375,0,88,0,0,0,0,12,0,0,0,0,0,0,NONE,NONE
27,MV,Winter,2018,Out,48.58829,-120.371,0,6,0,0,79,0,15,0,0,0,0,0,0,NONE,NONE
28,MV,Winter,2018,Out,48.58924,-120.371,0,8,0,0,0,0,91,0,1,0,0,0,0,NONE,NONE
29,MV,Winter,2018,Out,48.58868,-120.375,0,0,0,0,0,0,15,3,0,0,2,0,80,Deer,A
31,MV,Winter,2018,In,48.25538,-120.185,0,0,0,0,0,0,42,0,0,0,18,0,40,Deer,A
32,MV,Winter,2018,In,48.25386,-120.168,0,0,0,0,0,0,3,0,0,0,97,0,0,NONE,NONE
35,MV,Winter,2018,In,48.25666,-120.18,0,0,0,0,0,0,12,0,0,0,83,0,5,Deer,A
36,MV,Winter,2018,In,48.25575,-120.183,0,0,0,0,0,0,36,0,0,0,54,0,10,Deer,A
37,MV,Winter,2018,In,48.25506,-120.186,0,0,0,0,0,0,52,0,0,0,43,0,5,Deer,A
40,MV,Winter,2018,In,48.25497,-120.189,0,0,0,0,0,0,75,0,15,0,0,0,10,Deer,A
41,MV,Winter,2018,In,48.25498,-120.189,1,0,0,0,5,0,1,0,0,0,0,0,93,Deer,A
48,MV,Winter,2018,In,48.17955,-120.096,0,0,0,0,0,0,1,0,0,0,87,0,12,Deer,A
49,MV,Winter,2018,Out,48.58736,-120.376,0,23,0,0,0,0,65,0,9,0,3,0,0,NONE,NONE
50,MV,Winter,2018,Out,48.58793,-120.378,0,0,0,0,0,0,0,0,2,0,58,0,40,Deer,A
51,MV,Winter,2018,Out,48.43454,-120.009,0,0,0,0,0,0,12,0,0,0,0,0,88,Deer,A
54,MV,Winter,2018,In,48.25712,-120.176,0,0,0,0,0,0,40,0,0,0,0,0,60,Deer,A
55,MV,Winter,2018,In,48.2571,-120.176,0,0,0,0,0,0,27,0,0,0,18,0,55,Deer,A
56,MV,Winter,2018,In,48.25692,-120.178,0,0,0,0,0,0,10,0,0,0,60,0,30,Deer,A
57,MV,Winter,2018,In,48.2566,-120.18,0,0,0,0,72,0,12,0,0,0,16,0,0,NONE,NONE
59,MV,Winter,2018,In,48.24725,-120.195,0,0,0,0,0,0,0,0,0,0,0,0,100,Deer,A
60,MV,Winter,2018,In,48.24715,-120.195,0,0,0,0,0,0,0,0,0,0,80,0,20,Deer,A
70,MV,Winter,2018,Out,48.39942,-120.314,0,0,0,0,0,0,4,0,0,0,0,0,96,Moose,A
71,MV,Winter,2018,In,48.25509,-120.188,0,0,0,0,95,0,5,0,0,0,0,0,0,NONE,NONE
72,MV,Winter,2018,In,48.25741,-120.197,0,0,0,0,94,0,6,0,0,0,0,0,0,NONE,NONE
76,MV,Winter,2018,Out,48.59345,-120.372,0,2,0,0,0,0,1,0,83,0,11,0,3,Deer,A
78,MV,Winter,2018,Out,48.35473,-120.39,0,0,0,0,99,0,1,0,0,0,0,0,0,NONE,NONE
80,MV,Winter,2018,Out,48.4488,-120.142,0,0,0,0,0,0,3,0,0,0,25,0,72,Deer,A
515,MV,Winter,2019,Out,48.43103,-119.931,0,0,0,0,0,0,30,0,0,0,0,0,70,Deer,A
540,MV,Winter,2019,Out,48.43004,-119.927,0,0,0,0,0,0,88,0,0,0,0,0,12,Deer,A
556,MV,Winter,2019,Out,48.49482,-120.155,3,0,0,0,0,0,0,0,6,0,38,0,53,Deer,A
557,MV,Winter,2019,Out,48.62968,-120.14095,60,0,0,0,0,0,40,0,0,0,0,0,0,NONE,NONE
558,MV,Winter,2019,In,48.50172,-120.147,0,0,0,0,0,0,0,0,18,0,82,0,0,NONE,NONE
561,MV,Winter,2019,Out,48.4312,-119.933,0,0,0,0,0,0,95,0,0,0,0,0,5,Deer,A
564,MV,Winter,2019,Out,48.49199,-120.196,45,0,0,0,0,0,0,0,55,0,0,0,0,NONE,NONE
568,MV,Winter,2019,Out,48.43103,-119.931,0,0,0,0,0,0,55,0,45,0,0,0,0,NONE,NONE
569,MV,Winter,2019,Out,48.53202,-120.136,0,0,0,1,0,0,1,0,0,0,5,0,93,Moose,A
570,MV,Winter,2019,Out,48.43365,-119.953,0,0,0,0,0,0,80,0,0,0,0,0,20,Deer,A
576,MV,Winter,2019,Out,48.58894,-120.163,0,0,0,0,0,0,25,0,0,0,0,0,75,Deer,A
578,MV,Winter,2019,Out,48.61629,-119.965,0,0,0,0,6,0,1,0,0,0,0,0,93,Deer,A
586,MV,Winter,2019,Out,48.61598,-119.96,0,0,0,0,0,0,0,0,0,0,35,0,65,Moose,A
587,MV,Winter,2019,Out,48.63333,-119.979,0,0,0,0,88,0,0,0,0,0,0,0,12,Deer,A
588,MV,Winter,2019,Out,48.61748,-119.994,0,0,0,0,92,0,0,0,0,0,0,0,8,Deer,A
589,MV,Winter,2019,Out,48.58864,-120.163,0,0,0,0,0,0,39,0,0,0,49,0,12,Deer,A
590,MV,Winter,2019,Out,48.61797,-119.971,0,0,0,0,18,0,0,0,0,0,0,0,82,Moose,A
591,MV,Winter,2019,Out,48.56718,-120.174,0,0,0,0,0,0,7,0,10,0,0,0,83,Deer,A
592,MV,Winter,2019,Out,48.5214,-120.212,0,0,0,0,0,0,0,0,0,0,0,0,100,Deer,A
593,MV,Winter,2019,Out,48.52237,-120.213,0,0,0,0,0,0,15,0,0,0,0,0,85,Deer,A
595,MV,Winter,2019,Out,48.57868,-120.165,0,0,0,0,0,0,76,0,12,0,8,0,4,Deer,A
598,MV,Winter,2019,Out,48.50904,-120.21,0,0,0,0,0,0,1,0,0,0,20,0,79,Deer,A
599,MV,Winter,2019,Out,48.56535,-120.176,0,0,78,1,0,0,7,0,0,0,0,0,14,Deer,A
700,MV,Winter,2019,Out,48.50739,-120.209,0,0,0,0,2,0,0,0,97,0,0,0,1,Deer,A
701,MV,Winter,2019,Out,48.62431,-120.253,0,0,5,0,0,0,20,0,75,0,0,0,0,NONE,NONE
703,MV,Winter,2019,Out,48.67253,-120.452,2,0,0,0,76,0,5,8,0,0,9,0,0,NONE,NONE
705,MV,Winter,2019,Out,48.60205,-120.174,0,0,55,0,0,0,18,0,0,0,10,0,17,Deer,A
706,MV,Winter,2019,Out,48.67253,-120.452,0,0,0,0,25,0,10,0,0,0,10,0,55,Deer,A
707,MV,Winter,2019,Out,48.61408,-120.214,0,0,0,0,0,0,0,0,0,0,0,0,100,Deer,A
708,MV,Winter,2019,Out,48.47741,-120.184,0,0,80,0,0,0,12,0,0,0,8,0,0,NONE,NONE
709,MV,Winter,2019,Out,48.41614,-119.857,0,0,0,0,2,0,0,0,0,0,12,0,86,Deer,A
710,MV,Winter,2019,Out,48.43318,-119.884,0,0,0,0,0,0,30,0,0,0,70,0,0,NONE,NONE
711,MV,Winter,2019,Out,48.61895,-120.212,0,0,0,0,0,0,0,0,0,0,0,0,100,Deer,A
715,MV,Winter,2019,Out,48.5886,-120.103,0,0,0,0,0,0,70,0,0,0,0,0,30,Deer,A
717,MV,Winter,2019,Out,48.58812,-120.194,0,0,0,0,0,0,13,0,0,0,12,0,75,Deer,A
720,MV,Winter,2019,Out,48.57391,-120.175,0,0,35,0,0,0,30,0,0,0,35,0,0,NONE,NONE
722,MV,Winter,2019,Out,48.56848,-120.173,0,0,49,0,0,0,35,0,5,0,0,0,11,Deer,A
723,MV,Winter,2019,Out,48.60275,-120.171,0,0,91,0,0,0,4,0,0,0,0,0,5,Deer,A
724,MV,Winter,2019,Out,48.57453,-120.202,0,0,1,0,0,0,33,0,20,0,12,0,34,Deer,A
726,MV,Winter,2019,Out,48.59596,-120.092,0,0,10,0,0,0,4,0,80,0,0,0,6,Deer,A
727,MV,Winter,2019,Out,48.57084,-120.204,0,0,5,0,0,0,0,0,80,0,0,0,15,Deer,A
728,MV,Winter,2019,Out,48.57059,-120.205,0,0,5,0,0,0,2,0,90,0,0,0,3,Deer,A
729,MV,Winter,2019,Out,48.57126,-120.206,0,0,0,0,0,0,0,0,75,0,0,0,25,Deer,A
730,MV,Winter,2019,Out,48.57357,-120.207,0,0,1,0,0,0,0,0,93,0,0,0,6,Deer,A
734,MV,Winter,2019,Out,48.57983,-120.204,0,0,98,0,0,0,2,0,0,0,0,0,0,NONE,NONE
736,MV,Winter,2019,In,48.4531,-120.075,0,0,0,0,0,0,6,0,0,0,60,0,34,Deer,A
737,MV,Winter,2019,Out,48.40626,-119.862,0,5,0,0,0,0,35,0,0,0,60,0,0,NONE,NONE
738,MV,Winter,2019,Out,48.61977,-120.075,0,0,0,0,0,0,44,0,2,0,8,0,46,Deer,A
742,MV,Winter,2019,Out,48.61247,-120.07,0,0,0,0,98,0,2,0,0,0,0,0,0,NONE,NONE
747,MV,Winter,2019,Out,48.61101,-120.013,0,0,0,0,0,0,52,0,0,0,6,0,42,Deer,A
749,MV,Winter,2019,Out,48.63187,-119.978,0,99,0,0,0,0,1,0,0,0,0,0,0,NONE,NONE
751,MV,Winter,2019,Out,48.62925,-119.978,0,0,0,0,99,0,1,0,0,0,0,0,0,NONE,NONE
752,MV,Winter,2019,Out,48.62653,-119.978,0,0,0,0,100,0,0,0,0,0,0,0,0,NONE,NONE
753,MV,Winter,2019,Out,48.61977,-119.98,0,0,20,0,10,0,40,0,0,0,0,0,30,Deer,A
755,MV,Winter,2019,Out,48.61618,-119.964,0,0,0,0,97,0,1,0,0,0,0,0,2,Deer,A
756,MV,Winter,2019,Out,48.61811,-119.953,0,0,0,0,99,0,0,0,0,0,0,0,1,Deer,A
757,MV,Winter,2019,Out,48.61817,-119.952,0,0,0,0,99,0,1,0,0,0,0,0,0,NONE,NONE
758,MV,Winter,2019,Out,48.61321,-119.939,0,0,0,0,87,0,1,0,0,0,12,0,0,NONE,NONE
759,MV,Winter,2019,In,48.60068,-119.927,0,0,0,0,15,0,0,0,0,0,0,0,85,Deer,A
760,MV,Winter,2019,Out,48.61089,-120.011,0,0,0,0,12,0,58,0,0,0,30,0,0,NONE,NONE
761,MV,Winter,2019,Out,48.60046,-119.944,0,0,0,0,100,0,0,0,0,0,0,0,0,NONE,NONE
765,MV,Winter,2019,Out,48.65379,-119.975,0,0,0,0,0,0,7,0,0,0,93,0,0,NONE,NONE
766,MV,Winter,2019,Out,48.61129,-120.027,0,0,0,0,99,0,1,0,0,0,0,0,0,NONE,NONE
767,MV,Winter,2019,Out,48.60507,-120.079,0,0,0,0,0,0,12,0,0,0,0,0,88,Deer,A
794,MV,Winter,2019,Out,48.61158,-120.026,0,0,0,0,97,0,3,0,0,0,0,0,0,NONE,NONE
84,MV,Summer,2018,Out,48.40317,-119.955,0,0,0,7,0,0,10,0,0,0,3,0,80,Deer,A
85,MV,Summer,2018,Out,48.40091,-120.042,0,0,0,0,0,0,5,0,93,0,0,0,2,Deer,Y
100,MV,Summer,2018,Out,48.35863,-119.91235,0,0,1,5,0,0,20,0,0,0,64,0,10,Deer,Y
231,MV,Summer,2018,Out,48.48457,-120.1291,1,0,0,1,0,0,15,10,0,0,3,1,69,Deer,A
276,MV,Summer,2018,Out,48.87538,-119.715,12,0,0,1,0,0,9,0,0,0,75,0,3,Deer,A
318,MV,Summer,2018,Out,48.62158,-120.27954,0,0,0,4,82,0,4,0,0,0,10,0,0,NONE,NONE
320,MV,Summer,2018,Out,48.42307,-119.927,0,38,0,1,0,0,6,0,0,0,30,0,25,Deer,Y
345,MV,Summer,2018,Out,48.49854,-120.1421,0,0,0,2,0,0,63,22,0,0,13,0,0,NONE,NONE
362,MV,Summer,2018,Out,48.41467,-119.932,0,0,0,8,68,0,18,0,6,0,0,0,0,NONE,NONE
384,MV,Summer,2018,Out,48.40871,-119.91568,0,0,0,2,2,0,22,0,74,0,0,0,0,NONE,NONE
413,MV,Summer,2018,Out,48.6408,-120.27977,0,0,0,0,0,0,4,0,0,0,8,0,88,Deer,Y
451,MV,Summer,2018,Out,48.41627,-119.90345,0,0,0,7,0,0,66,0,0,0,27,0,0,NONE,NONE
455,MV,Summer,2018,Out,48.68653,-120.24,0,0,0,0,0,0,60,0,0,0,0,0,40,Moose,A
458,MV,Summer,2018,Out,48.5328,-120.12478,2,8,0,0,0,0,40,0,50,0,0,0,0,NONE,NONE
460,MV,Summer,2018,Out,48.41356,-119.91998,0,0,0,0,2,0,2,0,0,48,48,0,0,NONE,NONE
466,MV,Summer,2018,Out,48.3634,-119.91682,0,7,0,2,0,0,14,0,9,0,68,0,0,NONE,NONE
467,MV,Summer,2018,Out,48.36538,-119.916,1,0,0,2,0,0,19,0,0,0,78,0,0,NONE,NONE
469,MV,Summer,2018,Out,48.3586,-119.9026,4,0,0,0,0,0,8,0,4,0,84,0,0,NONE,NONE
470,MV,Summer,2018,Out,48.39634,-120.04515,0,0,0,0,0,0,7,0,80,0,13,0,0,NONE,NONE
472,MV,Summer,2018,Out,48.37667,-119.912,0,0,0,4,0,0,22,0,0,0,23,0,51,Deer,Y
473,MV,Summer,2018,Out,48.59102,-120.09863,0,0,0,0,0,0,10,0,60,0,0,0,30,Deer,Y
475,MV,Summer,2018,Out,48.41241,-119.9183,0,0,0,0,0,0,40,0,60,0,0,0,0,NONE,NONE
476,MV,Summer,2018,Out,48.49276,-120.12148,0,0,0,0,0,0,45,0,45,0,10,0,0,NONE,NONE
477,MV,Summer,2018,Out,48.4831,-120.12274,0,0,0,0,0,0,5,0,35,0,60,0,0,NONE,NONE
478,MV,Summer,2018,Out,48.40995,-119.94977,0,0,0,0,0,0,26,0,19,0,55,0,0,NONE,NONE
480,MV,Summer,2018,Out,48.48143,-120.103,0,0,0,1,0,0,15,0,1,0,0,0,83,Deer,Y
481,MV,Summer,2018,Out,48.40033,-120.04235,0,0,0,0,0,0,5,0,95,0,0,0,0,NONE,NONE
483,MV,Summer,2018,Out,48.66662,-120.29501,0,0,0,2,0,0,14,0,0,12,62,0,10,Deer,Y
484,MV,Summer,2018,Out,48.40052,-120.0421,3,0,0,0,0,0,7,0,90,0,0,0,0,NONE,NONE
485,MV,Summer,2018,Out,48.48747,-120.12272,2,0,0,0,0,0,4,0,91,0,0,0,3,Deer,Y
486,MV,Summer,2018,Out,48.36908,-119.93198,0,0,0,0,0,0,30,0,70,0,0,0,0,NONE,NONE
489,MV,Summer,2018,Out,48.40674,-119.93811,0,0,0,0,60,0,23,5,2,7,3,0,0,NONE,NONE
490,MV,Summer,2018,Out,48.42619,-119.8429,0,0,0,0,0,0,22,0,40,0,38,0,0,NONE,NONE
493,MV,Summer,2018,Out,48.41106,-119.85374,0,0,0,7,0,0,13,0,47,0,33,0,0,NONE,NONE
494,MV,Summer,2018,Out,48.41159,-119.851,0,0,0,8,0,0,17,0,45,0,30,0,0,NONE,NONE
495,MV,Summer,2018,Out,48.42321,-119.84203,0,0,0,0,0,0,17,0,18,0,65,0,0,NONE,NONE
496,MV,Summer,2018,Out,48.39755,-120.04478,0,0,0,2,0,0,10,2,30,0,56,0,0,NONE,NONE
497,MV,Summer,2018,Out,48.36888,-119.93239,0,0,0,0,0,0,3,0,0,0,5,0,92,Deer,A
498,MV,Summer,2018,Out,48.41291,-119.95219,0,0,0,0,0,0,30,0,70,0,0,0,0,NONE,NONE
499,MV,Summer,2018,Out,48.42171,-119.90107,0,0,0,11,0,0,44,0,45,0,0,0,0,NONE,NONE
500,MV,Summer,2018,Out,48.40865,-119.945,0,0,0,0,0,0,12,0,86,0,0,0,2,Deer,Y
501,MV,Summer,2018,Out,48.41857,-119.9,0,15,0,0,0,0,20,0,20,0,45,0,0,NONE,NONE
502,MV,Summer,2018,Out,48.42187,-119.9,0,0,0,0,0,0,6,0,90,0,0,0,4,Deer,A
503,MV,Summer,2018,Out,48.42989,-119.85519,0,0,0,0,0,0,5,0,0,10,85,0,0,NONE,NONE
504,MV,Summer,2018,Out,48.40367,-119.925,0,0,0,0,0,0,9,0,89,0,0,0,2,Deer,A
506,MV,Summer,2018,Out,48.43596,-119.90694,0,0,0,0,77,0,16,0,1,0,6,0,0,NONE,NONE
507,MV,Summer,2018,Out,48.4092,-119.928,0,0,0,0,0,0,7,0,86,0,7,0,0,NONE,NONE
509,MV,Summer,2018,Out,48.41925,-119.919,0,0,0,0,0,0,8,0,88,0,2,0,2,Deer,Y
510,MV,Summer,2018,Out,48.41925,-119.919,5,1,0,0,0,0,30,0,24,0,40,0,0,NONE,NONE
512,MV,Summer,2018,Out,48.44348,-120.05887,0,0,0,0,0,0,3,0,92,0,5,0,0,NONE,NONE
513,MV,Summer,2018,Out,48.42962,-119.91975,0,0,0,0,0,0,50,0,50,0,0,0,0,NONE,NONE
514,MV,Summer,2018,Out,48.60918,-120.2335,0,0,0,0,0,0,10,0,60,0,30,0,0,NONE,NONE
516,MV,Summer,2018,In,48.68554,-119.989,0,0,0,0,0,0,60,0,0,0,0,0,40,Deer,A
518,MV,Summer,2018,Out,48.463,-120.098581,0,0,0,2,0,0,2,0,48,0,48,0,0,NONE,NONE
519,MV,Summer,2018,Out,48.43534,-119.91254,0,0,0,3,82,0,13,0,2,0,0,0,0,NONE,NONE
520,MV,Summer,2018,Out,48.44785,-120.06438,0,0,0,0,0,0,17,0,83,0,0,0,0,NONE,NONE
521,MV,Summer,2018,In,48.68548,-119.98935,0,0,0,0,0,0,4,0,0,1,95,0,0,NONE,NONE
522,MV,Summer,2018,Out,48.49919,-120.09772,0,0,0,0,0,0,15,0,85,0,0,0,0,NONE,NONE
523,MV,Summer,2018,Out,48.59928,-120.27908,0,0,0,2,0,0,5,0,85,0,8,0,0,NONE,NONE
524,MV,Summer,2018,Out,48.5977,-120.2806,0,0,0,0,0,0,5,0,95,0,0,0,0,NONE,NONE
525,MV,Summer,2018,Out,48.48584,-120.13676,0,0,0,0,0,0,12,0,88,0,0,0,0,NONE,NONE
526,MV,Summer,2018,Out,48.41824,-119.89967,0,0,0,0,0,0,10,0,90,0,0,0,0,NONE,NONE
527,MV,Summer,2018,Out,48.42778,-119.90159,5,0,0,0,25,0,45,0,5,0,20,0,0,NONE,NONE
528,MV,Summer,2018,Out,48.58022,-120.23289,0,0,0,0,0,0,13,0,87,0,0,0,0,NONE,NONE
529,MV,Summer,2018,Out,48.58451,-120.27074,0,0,0,2,14,0,5,0,0,2,77,0,0,NONE,NONE
530,MV,Summer,2018,Out,48.6023,-120.28533,4,0,0,0,0,0,7,0,23,10,48,0,8,Deer,A
531,MV,Summer,2018,Out,48.49844,-120.072,0,0,0,0,0,0,9,0,90,0,0,0,1,Deer,Y
532,MV,Summer,2018,Out,48.49156,-120.1217,0,0,0,2,0,0,6,0,14,0,78,0,0,NONE,NONE
533,MV,Summer,2018,Out,48.4949,-120.13676,0,0,0,0,0,0,13,0,87,0,0,0,0,NONE,NONE
534,MV,Summer,2018,Out,48.42118,-119.863,0,0,0,0,0,0,4,0,0,0,96,0,0,NONE,NONE
536,MV,Summer,2018,Out,48.43272,-119.94114,0,0,0,0,55,0,3,0,2,0,40,0,0,NONE,NONE
541,MV,Summer,2018,Out,48.41255,-119.85649,0,0,0,0,0,0,12,0,88,0,0,0,0,NONE,NONE
542,MV,Summer,2018,In,48.69654,-119.95863,0,0,0,0,0,0,6,0,0,0,94,0,0,NONE,NONE
543,MV,Summer,2018,Out,48.41795,-119.85561,0,0,0,0,0,0,8,0,90,0,2,0,0,NONE,NONE
544,MV,Summer,2018,Out,48.41943,-119.90001,0,0,0,0,0,0,9,0,51,0,40,0,0,NONE,NONE
545,MV,Summer,2018,In,48.68526,-119.98952,0,0,0,0,0,0,5,0,0,0,0,0,95,Deer,Y
546,MV,Summer,2018,Out,48.45332,-120.072,0,0,0,1,0,0,7,0,47,0,44,0,1,Deer,Y
547,MV,Summer,2018,Out,48.45318,-120.07095,7,0,0,1,0,0,2,0,30,0,60,0,0,NONE,NONE
548,MV,Summer,2018,Out,48.58745,-120.2408,0,0,0,0,0,0,15,0,40,0,35,0,10,Deer,A
549,MV,Summer,2018,Out,48.43674,-119.89246,0,0,0,5,0,0,27,0,18,35,0,0,15,Deer,Y
550,MV,Summer,2018,Out,48.40369,-119.84927,0,0,0,3,0,0,17,0,28,0,52,0,0,NONE,NONE
551,MV,Summer,2018,Out,48.49494,-120.137,0,0,0,0,0,0,64,0,33,0,0,0,3,Deer,Y
552,MV,Summer,2018,In,48.70302,-119.95208,0,0,0,0,0,0,7,0,0,0,93,0,0,NONE,NONE
554,MV,Summer,2018,In,48.66128,-119.969,0,0,0,0,0,7,8,0,0,0,85,0,0,NONE,NONE
555,MV,Summer,2018,Out,48.49635,-120.139,0,0,0,1,0,0,3,0,20,0,76,0,0,NONE,NONE
559,MV,Summer,2018,Out,48.49495,-120.137,4,0,0,0,0,0,3,0,78,0,15,0,0,NONE,NONE
571,MV,Summer,2018,Out,48.49434,-120.136,0,0,0,0,0,0,7,0,30,0,63,0,0,NONE,NONE
573,MV,Summer,2018,Out,48.53204,-120.131,0,10,0,0,0,0,87,0,0,0,3,0,0,NONE,NONE
574,MV,Summer,2018,Out,48.48479,-120.078,0,0,0,0,0,0,5,0,94,0,1,0,0,NONE,NONE
126,NE,Winter,2018,In,48.4239,-117.8,0,0,0,0,0,0,1,0,0,0,99,0,0,NONE,NONE
226,NE,Winter,2019,In,48.39327,-117.939,0,0,0,0,0,0,1,0,0,0,0,0,99,Deer,A
263,NE,Winter,2019,Out,48.49252,-117.867,0,0,0,1,0,0,0,0,0,0,0,0,99,Deer,A
300,NE,Winter,2019,In,48.39327,-117.936,0,0,0,0,0,0,0,0,0,0,0,0,100,Deer,A
304,NE,Winter,2019,In,48.40243,-117.802,1,0,0,0,0,0,7,0,0,0,92,0,0,NONE,NONE
322,NE,Winter,2019,Out,48.11007,-117.913,0,0,0,0,93,0,1,0,0,0,0,0,6,Deer,A
342,NE,Winter,2019,In,48.35709,-117.894,0,0,0,0,0,0,100,0,0,0,0,0,0,NONE,NONE
391,NE,Winter,2019,Out,48.49199,-117.866,0,0,0,0,0,0,0,0,0,0,100,0,0,NONE,NONE
600,NE,Winter,2019,Out,48.10986,-117.945,0,0,0,0,0,0,0,0,0,0,3,0,97,Elk,A
603,NE,Winter,2019,Out,48.11446,-117.904,0,0,0,0,95,0,5,0,0,0,0,0,0,NONE,NONE
604,NE,Winter,2019,Out,48.1144,-117.904,0,0,0,0,99,0,1,0,0,0,0,0,0,NONE,NONE
605,NE,Winter,2019,Out,48.111,-117.911,0,0,0,0,15,0,3,0,0,0,0,0,82,Deer,A
608,NE,Winter,2019,Out,48.10811,-117.926,0,0,0,0,0,0,38,0,1,0,20,0,41,Elk,A
619,NE,Winter,2019,In,48.36763,-117.678,1,0,0,0,0,0,4,0,0,0,0,0,95,Deer,A
625,NE,Winter,2019,In,48.37123,-117.675,0,0,0,0,0,0,5,0,1,0,5,8,81,Deer,A
627,NE,Winter,2019,In,48.37695,-117.666,0,0,0,0,0,0,9,0,2,0,0,0,89,Deer,A
628,NE,Winter,2019,In,48.36677,-117.68,0,0,0,0,0,0,8,0,0,0,0,0,92,Deer,A
630,NE,Winter,2019,In,48.4524,-117.711,0,0,0,0,0,0,0,0,0,0,0,0,100,Elk,A
632,NE,Winter,2019,In,48.46064,-117.727,0,0,0,0,0,0,7,0,0,0,0,0,93,Deer,A
634,NE,Winter,2019,In,48.46346,-117.73,0,0,0,0,0,0,0,0,0,0,0,0,100,Deer,A
636,NE,Winter,2019,In,48.46953,-117.741,0,0,0,0,0,0,0,0,0,0,0,0,100,Deer,A
637,NE,Winter,2019,In,48.46745,-117.752,0,0,12,0,0,0,40,0,0,0,0,0,48,Deer,A
638,NE,Winter,2019,In,48.25993,-117.663,24,0,23,0,0,0,42,0,0,0,0,0,11,Elk,A
650,NE,Winter,2019,In,48.46654,-117.731,0,0,0,0,0,0,15,0,0,0,0,0,85,Elk,A
651,NE,Winter,2019,In,48.46483,-117.73,0,0,0,0,0,0,2,0,0,0,90,0,8,Elk,A
660,NE,Winter,2019,In,48.45534,-117.716,0,0,0,0,0,0,3,0,0,0,82,0,15,Deer,A
662,NE,Winter,2019,In,48.45924,-117.724,0,0,0,0,0,0,1,0,0,0,75,0,24,Deer,A
663,NE,Winter,2019,In,48.45594,-117.716,0,0,0,0,0,0,0,0,0,0,45,0,55,Moose,A
664,NE,Winter,2019,In,48.46117,-117.728,0,0,0,0,0,0,0,0,0,0,15,0,85,Deer,A
670,NE,Winter,2019,In,48.46742,-117.752,0,0,0,0,0,0,0,0,0,0,0,0,100,Elk,A
672,NE,Winter,2019,In,48.46086,-117.727,0,0,0,0,0,0,1,0,0,0,99,0,0,NONE,NONE
673,NE,Winter,2019,In,48.4609,-117.727,0,0,0,0,0,0,2,0,0,0,98,0,0,NONE,NONE
677,NE,Winter,2019,Out,48.10423,-117.322,0,0,3,0,0,0,85,0,0,0,12,0,0,NONE,NONE
687,NE,Winter,2019,In,48.45236,-117.711,0,0,0,0,0,0,0,0,0,0,100,0,0,NONE,NONE
689,NE,Winter,2019,In,48.45236,-117.711,0,0,0,0,80,0,0,0,0,0,20,0,0,NONE,NONE
690,NE,Winter,2019,In,48.45264,-117.71,0,0,0,0,0,0,0,0,0,0,67,0,33,Deer,A
692,NE,Winter,2019,In,48.45248,-117.705,0,0,0,0,0,0,4,0,0,0,70,0,26,Deer,A
191,NE,Summer,2018,In,48.39433,-118.014,0,0,0,0,0,0,28,0,50,0,22,0,0,NONE,NONE
193,NE,Summer,2018,In,48.39433,-118.014,0,0,0,1,0,0,37,0,0,0,0,0,62,Elk,Y
197,NE,Summer,2018,In,48.39494,-118.014,0,0,0,0,0,0,17,9,0,0,44,0,30,Elk,A
205,NE,Summer,2018,Out,48.35752,-117.89475,5,0,0,20,0,0,75,0,0,0,0,0,0,NONE,NONE
217,NE,Summer,2018,Out,48.35661,-117.894,0,0,0,0,0,1,98,0,0,0,0,0,1,Ind,Y
218,NE,Summer,2018,Out,48.39231,-117.9357,0,0,0,0,0,0,4,0,0,0,6,0,90,Ind,Y
220,NE,Summer,2018,In,48.44766,-118.04013,0,0,0,0,72,0,12,0,15,0,1,0,0,NONE,NONE
238,NE,Summer,2018,Out,48.23828,-117.92626,0,0,0,0,0,0,30,0,0,0,0,0,70,Ind,Y
239,NE,Summer,2018,In,48.46261,-118.03502,0,0,0,6,69,0,25,0,0,0,0,0,0,NONE,NONE
241,NE,Summer,2018,Out,48.40063,-117.84418,0,0,0,0,0,0,7,0,0,0,0,0,93,Elk,Y
254,NE,Summer,2018,In,48.47124,-117.57447,0,0,0,0,0,0,0,0,100,0,0,0,0,NONE,NONE
260,NE,Summer,2018,In,48.3276,-117.616,0,0,0,0,0,0,20,0,0,0,0,0,80,Deer,A
261,NE,Summer,2018,In,48.45973,-117.35058,0,63,0,0,0,0,9,0,6,20,2,0,0,NONE,NONE
269,NE,Summer,2018,Out,48.39671,-117.84442,0,0,0,0,0,0,15,0,80,0,5,0,0,NONE,NONE
277,NE,Summer,2018,Out,48.42088,-117.319,7,66,0,1,0,0,14,0,12,0,0,0,0,NONE,NONE
287,NE,Summer,2018,In,48.32765,-117.61515,0,0,0,0,90,0,10,0,0,0,0,0,0,NONE,NONE
290,NE,Summer,2018,Out,48.4001,-117.84415,0,0,0,15,0,0,50,0,10,0,23,0,2,Deer,A
301,NE,Summer,2018,In,48.15304,-117.42148,0,0,0,17,10,0,20,0,0,0,53,0,0,NONE,NONE
302,NE,Summer,2018,In,48.39492,-117.55839,0,0,0,0,92,0,8,0,0,0,0,0,0,NONE,NONE
313,NE,Summer,2018,In,48.32581,-117.61502,0,0,0,0,0,0,14,0,0,0,0,0,86,Ind,Y
316,NE,Summer,2018,Out,48.16728,-117.26423,0,0,0,0,0,0,60,0,0,0,40,0,0,NONE,NONE
321,NE,Summer,2018,Out,48.43509,-117.67119,4,0,0,3,0,0,7,0,0,0,86,0,0,NONE,NONE
323,NE,Summer,2018,In,48.47115,-117.57475,0,0,0,2,36,35,15,0,0,2,0,0,10,Ind,Y
327,NE,Summer,2018,Out,48.28498,-117.66621,11,0,0,0,0,0,4,0,1,1,4,0,79,Ind,Y
330,NE,Summer,2018,Out,48.35875,-117.681,0,0,0,1,0,0,2,0,1,0,96,0,0,NONE,NONE
331,NE,Summer,2018,In,48.46277,-117.92412,0,0,0,0,0,0,19,0,0,21,0,0,60,Ind,Y
335,NE,Summer,2018,In,48.53296,-117.488,0,0,0,0,57,0,43,0,0,0,0,0,0,NONE,NONE
338,NE,Summer,2018,Out,48.39634,-117.84328,2,0,0,2,0,0,6,0,15,0,0,0,75,Ind,Y
340,NE,Summer,2018,Out,48.39609,-117.83958,6,0,0,0,0,0,10,3,2,0,71,0,8,Ind,Y
341,NE,Summer,2018,Out,48.47455,-117.76671,0,0,0,0,0,0,6,0,24,0,0,0,70,Ind,Y
347,NE,Summer,2018,Out,48.17719,-117.26507,0,0,0,0,0,0,5,0,0,0,95,0,0,NONE,NONE
348,NE,Summer,2018,In,48.24619,-117.42376,0,0,0,0,73,0,25,0,0,0,0,0,2,Elk,Y
353,NE,Summer,2018,In,48.35041,-117.57086,0,0,0,1,2,0,40,0,0,0,27,0,30,Deer,Y
354,NE,Summer,2018,In,48.36832,-117.55695,0,0,0,0,0,0,11,0,0,5,84,0,0,NONE,NONE
356,NE,Summer,2018,Out,48.39218,-117.93589,0,0,0,4,0,0,16,0,18,0,12,50,0,NONE,NONE
364,NE,Summer,2018,Out,48.39779,-117.84539,0,0,0,0,0,0,45,0,55,0,0,0,0,NONE,NONE
368,NE,Summer,2018,Out,48.17306,-117.26783,0,0,0,0,60,0,40,0,0,0,0,0,0,NONE,NONE
369,NE,Summer,2018,Out,48.17441,-117.27331,0,6,0,2,0,0,9,0,5,0,78,0,0,NONE,NONE
370,NE,Summer,2018,Out,48.3957,-117.8384,0,0,0,0,0,0,25,0,5,0,70,0,0,NONE,NONE
377,NE,Summer,2018,Out,48.38524,-117.93611,0,0,0,5,0,0,15,0,5,0,10,0,65,Ind,Y
380,NE,Summer,2018,In,48.45741,-117.34857,0,0,0,0,0,0,30,0,70,0,0,0,0,NONE,NONE
398,NE,Summer,2018,Out,48.39596,-117.84329,0,0,0,0,0,0,10,0,35,0,0,0,55,Ind,Y
405,NE,Summer,2018,Out,48.34375,-117.67464,0,0,0,0,0,0,12,0,0,0,88,0,0,NONE,NONE
406,NE,Summer,2018,Out,48.00278,-118.20961,0,0,0,4,0,0,9,0,0,0,2,0,85,Ind,Y
414,NE,Summer,2018,Out,48.22956,-117.93595,0,0,0,0,0,0,80,0,0,5,0,0,15,Elk,A
415,NE,Summer,2018,In,48.45412,-117.34639,0,0,0,0,0,0,15,0,50,0,35,0,0,NONE,NONE
417,NE,Summer,2018,In,48.44039,-118.02608,0,0,0,0,0,0,6,0,3,0,91,0,0,NONE,NONE
419,NE,Summer,2018,Out,48.35129,-117.8743,0,0,0,0,0,0,4,0,0,0,96,0,0,NONE,NONE
420,NE,Summer,2018,Out,48.39263,-117.936,0,0,0,0,0,0,11,0,8,0,79,0,2,Ind,Y
421,NE,Summer,2018,In,48.34806,-117.58226,0,0,0,0,0,0,4,0,0,0,20,0,76,Elk,A
424,NE,Summer,2018,In,48.35546,-117.57443,0,0,0,3,0,0,2,0,0,10,0,0,85,Ind,Y
431,NE,Summer,2018,Out,48.16109,-117.25897,0,0,0,0,0,0,8,0,0,0,92,0,0,NONE,NONE
433,NE,Summer,2018,Out,48.50083,-117.93651,0,0,0,5,0,0,20,0,0,0,0,0,75,Ind,Y
436,NE,Summer,2018,Out,48.20928,-117.34501,0,0,0,4,0,0,6,0,21,0,37,0,32,Ind,Y
437,NE,Summer,2018,Out,48.2209,-117.3363,0,0,0,30,0,0,11,0,9,0,50,0,0,NONE,NONE
438,NE,Summer,2018,Out,48.17641,-117.27171,0,0,0,2,0,0,12,0,0,0,84,2,0,NONE,NONE
439,NE,Summer,2018,Out,48.17407,-117.2669,0,7,0,0,0,0,5,0,0,0,60,0,28,Elk,Y
441,NE,Summer,2018,Out,48.50059,-117.937,1,0,0,3,0,0,81,0,8,0,0,0,7,Ind,Y
443,NE,Summer,2018,Out,48.40061,-117.84403,0,0,0,0,0,0,10,0,30,0,60,0,0,NONE,NONE
445,NE,Summer,2018,In,48.46251,-117.92726,2,0,0,0,0,0,6,0,0,0,83,9,0,NONE,NONE
446,NE,Summer,2018,In,48.15393,-117.41774,0,0,0,0,53,0,17,0,30,0,0,0,0,NONE,NONE
447,NE,Summer,2018,In,48.51987,-117.51406,0,0,0,2,3,0,31,0,1,0,33,5,25,Elk,A
448,NE,Summer,2018,In,48.46245,-117.92726,6,0,0,0,0,0,6,0,0,0,54,4,30,Ind,Y
449,NE,Summer,2018,In,48.39588,-117.54547,0,0,0,0,0,0,43,0,0,47,10,0,0,NONE,NONE
450,NE,Summer,2018,In,48.35137,-117.6015,0,0,0,0,0,0,0,0,0,0,15,0,85,Ind,Y