Location of harvest,Date of harvest,Sex,Age class,Body mass in kg,Amount of cropland in hectares ,Post-harvest abundance estimates
desoto,2003 10 18,Male,0.5,25.4,681,1214
desoto,2003 10 18,Male,0.5,24.9,681,1214
desoto,2003 10 18,Female,0.5,25.4,681,1214
desoto,2003 10 18,Female,0.5,32.2,681,1214
desoto,2003 10 18,Male,0.5,21.3,681,1214
desoto,2003 10 18,Male,0.5,25.4,681,1214
desoto,2003 10 18,Male,0.5,19.1,681,1214
desoto,2003 10 18,Male,0.5,31.8,681,1214
desoto,2003 10 18,Female,0.5,30.4,681,1214
desoto,2003 10 18,Male,0.5,25.4,681,1214
desoto,2003 10 18,Female,0.5,22.7,681,1214
desoto,2003 10 18,Male,0.5,30.4,681,1214
desoto,2003 10 18,Male,0.5,21.8,681,1214
desoto,2003 10 18,Female,0.5,26.8,681,1214
desoto,2003 10 18,Male,0.5,31.3,681,1214
desoto,2003 10 18,Male,0.5,31.3,681,1214
desoto,2003 10 18,Male,0.5,26.8,681,1214
desoto,2003 10 18,Female,0.5,28.1,681,1214
desoto,2003 10 18,Male,0.5,36.3,681,1214
desoto,2003 10 18,Male,0.5,27.7,681,1214
desoto,2003 10 18,Female,0.5,23.6,681,1214
desoto,2003 10 18,Female,0.5,23.1,681,1214
desoto,2003 10 18,Male,0.5,24.9,681,1214
desoto,2003 10 18,Female,0.5,14.5,681,1214
desoto,2003 10 18,Male,0.5,28.1,681,1214
desoto,2003 10 18,Male,0.5,29.5,681,1214
desoto,2003 10 18,Female,1.5,49.9,681,1214
desoto,2003 10 18,Female,1.5,48.1,681,1214
desoto,2003 10 18,Female,1.5,43.1,681,1214
desoto,2003 10 18,Female,1.5,53.1,681,1214
desoto,2003 10 18,Female,1.5,48.1,681,1214
desoto,2003 10 18,Female,1.5,41.7,681,1214
desoto,2003 10 18,Female,2.5,49.0,681,1214
desoto,2003 10 18,Female,2.5,55.8,681,1214
desoto,2003 10 18,Female,2.5,40.4,681,1214
desoto,2003 10 18,Female,2.5,43.1,681,1214
desoto,2003 10 18,Female,2.5,39.5,681,1214
desoto,2003 10 18,Female,2.5,37.6,681,1214
desoto,2003 10 18,Female,2.5,45.8,681,1214
desoto,2003 10 18,Female,2.5,44.5,681,1214
desoto,2003 10 18,Female,3.5,57.6,681,1214
desoto,2003 10 18,Female,3.5,54.9,681,1214
desoto,2003 10 18,Female,3.5,56.7,681,1214
desoto,2003 10 18,Female,3.5,55.8,681,1214
desoto,2003 10 18,Female,3.5,54.4,681,1214
desoto,2003 10 18,Female,3.5,51.7,681,1214
desoto,2003 10 18,Female,4.5-5.5,70.3,681,1214
desoto,2003 10 18,Female,4.5-5.5,48.5,681,1214
desoto,2003 10 18,Female,4.5-5.5,72.1,681,1214
desoto,2003 10 18,Female,4.5-5.5,50.3,681,1214
desoto,2003 10 18,Female,6.5-8.5,45.8,681,1214
desoto,2003 10 18,Female,6.5-8.5,48.5,681,1214
desoto,2003 10 18,Female,6.5-8.5,46.7,681,1214
desoto,2003 10 19,Male,0.5,25.9,681,1214
desoto,2003 10 19,Male,0.5,25.9,681,1214
desoto,2003 10 19,Male,0.5,23.1,681,1214
desoto,2003 10 19,Male,0.5,21.8,681,1214
desoto,2003 10 19,Female,1.5,43.5,681,1214
desoto,2003 10 19,Female,1.5,41.3,681,1214
desoto,2003 10 19,Female,1.5,38.1,681,1214
desoto,2003 10 19,Female,2.5,54.0,681,1214
desoto,2003 10 19,Female,2.5,45.4,681,1214
desoto,2003 10 19,Female,3.5,50.3,681,1214
desoto,2003 12 13,Female,0.5,30.8,681,1214
desoto,2003 12 13,Female,0.5,29.0,681,1214
desoto,2003 12 13,Male,1.5,45.8,681,1214
desoto,2003 12 13,Female,1.5,41.3,681,1214
desoto,2003 12 13,Female,1.5,51.3,681,1214
desoto,2003 12 13,Male,1.5,52.6,681,1214
desoto,2003 12 13,Male,1.5,56.7,681,1214
desoto,2003 12 13,Male,1.5,54.9,681,1214
desoto,2003 12 13,Female,1.5,57.2,681,1214
desoto,2003 12 13,Male,2.5,78.9,681,1214
desoto,2003 12 13,Female,2.5,57.2,681,1214
desoto,2003 12 13,Male,2.5,60.8,681,1214
desoto,2003 12 13,Female,2.5,42.6,681,1214
desoto,2003 12 13,Male,2.5,68.9,681,1214
desoto,2003 12 13,Male,2.5,74.4,681,1214
desoto,2003 12 13,Male,2.5,59.0,681,1214
desoto,2003 12 13,Male,2.5,62.6,681,1214
desoto,2003 12 13,Male,2.5,63.5,681,1214
desoto,2003 12 13,Male,2.5,66.2,681,1214
desoto,2003 12 13,Female,2.5,41.7,681,1214
desoto,2003 12 13,Male,2.5,64.0,681,1214
desoto,2003 12 13,Male,2.5,67.6,681,1214
desoto,2003 12 13,Male,2.5,62.1,681,1214
desoto,2003 12 13,Male,3.5,64.9,681,1214
desoto,2003 12 13,Male,3.5,72.6,681,1214
desoto,2003 12 13,Male,3.5,72.1,681,1214
desoto,2003 12 13,Female,3.5,54.4,681,1214
desoto,2003 12 13,Female,3.5,54.4,681,1214
desoto,2003 12 13,Male,3.5,71.7,681,1214
desoto,2003 12 13,Female,3.5,57.2,681,1214
desoto,2003 12 13,Male,3.5,70.8,681,1214
desoto,2003 12 13,Male,3.5,71.7,681,1214
desoto,2003 12 13,Male,4.5-5.5,68.5,681,1214
desoto,2003 12 13,Male,4.5-5.5,82.6,681,1214
desoto,2003 12 13,Male,4.5-5.5,77.6,681,1214
desoto,2003 12 13,Male,4.5-5.5,87.5,681,1214
desoto,2003 12 13,Male,4.5-5.5,78.0,681,1214
desoto,2003 12 13,Male,4.5-5.5,75.3,681,1214
desoto,2003 12 13,Male,4.5-5.5,70.8,681,1214
desoto,2003 12 13,Male,4.5-5.5,86.6,681,1214
desoto,2003 12 13,Male,4.5-5.5,97.1,681,1214
desoto,2003 12 13,Male,6.5-8.5,83.5,681,1214
desoto,2003 12 13,Female,6.5-8.5,52.2,681,1214
desoto,2003 12 13,Female,9.5+,34.0,681,1214
desoto,2003 12 14,Female,0.5,24.5,681,1214
desoto,2003 12 14,Male,0.5,34.0,681,1214
desoto,2003 12 14,Male,0.5,30.4,681,1214
desoto,2003 12 14,Male,0.5,28.1,681,1214
desoto,2003 12 14,Male,0.5,29.0,681,1214
desoto,2003 12 14,Male,0.5,32.2,681,1214
desoto,2003 12 14,Female,0.5,28.1,681,1214
desoto,2003 12 14,Male,1.5,54.4,681,1214
desoto,2003 12 14,Male,1.5,59.0,681,1214
desoto,2003 12 14,Female,1.5,47.2,681,1214
desoto,2003 12 14,Male,1.5,44.5,681,1214
desoto,2003 12 14,Male,2.5,64.0,681,1214
desoto,2003 12 14,Male,2.5,60.3,681,1214
desoto,2003 12 14,Female,2.5,56.2,681,1214
desoto,2003 12 14,Female,2.5,45.8,681,1214
desoto,2003 12 14,Female,2.5,51.7,681,1214
desoto,2003 12 14,Male,3.5,57.6,681,1214
desoto,2003 12 14,Male,3.5,60.3,681,1214
desoto,2003 12 14,Male,3.5,72.1,681,1214
desoto,2003 12 14,Female,3.5,47.6,681,1214
desoto,2003 12 14,Male,3.5,77.6,681,1214
desoto,2003 12 14,Male,3.5,72.1,681,1214
desoto,2003 12 14,Male,4.5-5.5,76.2,681,1214
desoto,2003 12 14,Male,4.5-5.5,84.4,681,1214
desoto,2003 12 14,Female,6.5-8.5,57.2,681,1214
boyer,2004 10 09,Female,2.5,41.3,0,140
boyer,2004 10 09,Male,1.5,31.8,0,140
boyer,2004 10 09,Female,0.5,15.9,0,140
boyer,2004 10 09,Male,0.5,15.9,0,140
boyer,2004 10 09,Female,2.5,39.9,0,140
boyer,2004 10 09,Male,1.5,34.5,0,140
boyer,2004 10 09,Female,0.5,15.4,0,140
boyer,2004 10 09,Male,0.5,16.3,0,140
boyer,2004 10 09,Female,4.5-5.5,41.3,0,140
boyer,2004 10 09,Male,1.5,26.8,0,140
boyer,2004 10 09,Female,4.5-5.5,33.6,0,140
boyer,2004 10 09,Female,0.5,20.9,0,140
boyer,2004 10 09,Female,3.5,45.8,0,140
boyer,2004 10 09,Male,1.5,33.6,0,140
boyer,2004 10 09,Female,2.5,54.9,0,140
boyer,2004 10 09,Female,4.5,39.5,0,140
boyer,2004 10 09,Female,3.5,39.5,0,140
boyer,2004 10 09,Female,3.5,39.9,0,140
boyer,2004 10 09,Female,0.5,14.5,0,140
boyer,2004 10 09,Female,4.5-5.5,30.4,0,140
boyer,2004 10 09,Female,3.5,33.1,0,140
boyer,2004 10 09,Female,1.5,31.3,0,140
boyer,2004 10 09,Female,1.5,29.0,0,140
boyer,2004 10 09,Female,4.5-5.5,48.5,0,140
boyer,2004 10 10,Female,1.5,34.5,0,140
boyer,2004 10 10,Female,0.5,29.5,0,140
boyer,2004 10 10,Male,1.5,30.4,0,140
boyer,2004 10 10,Female,2.5,24.0,0,140
boyer,2004 10 10,Female,0.5,13.6,0,140
boyer,2004 10 10,Female,2.5,45.8,0,140
boyer,2004 10 10,Female,3.5,39.9,0,140
desoto,2004 10 16,Female,0.5,24.9,588,1364
desoto,2004 10 16,Male,0.5,16.8,588,1364
desoto,2004 10 16,Male,0.5,28.6,588,1364
desoto,2004 10 16,Male,0.5,19.1,588,1364
desoto,2004 10 16,Female,0.5,23.6,588,1364
desoto,2004 10 16,Male,0.5,23.1,588,1364
desoto,2004 10 16,Female,0.5,15.4,588,1364
desoto,2004 10 16,Female,0.5,19.1,588,1364
desoto,2004 10 16,Female,0.5,24.0,588,1364
desoto,2004 10 16,Female,0.5,25.9,588,1364
desoto,2004 10 16,Male,0.5,18.1,588,1364
desoto,2004 10 16,Female,0.5,21.8,588,1364
desoto,2004 10 16,Female,0.5,22.2,588,1364
desoto,2004 10 16,Female,0.5,27.2,588,1364
desoto,2004 10 16,Male,0.5,20.4,588,1364
desoto,2004 10 16,Female,0.5,16.8,588,1364
desoto,2004 10 16,Male,0.5,26.3,588,1364
desoto,2004 10 16,Female,0.5,24.0,588,1364
desoto,2004 10 16,Male,0.5,31.8,588,1364
desoto,2004 10 16,Female,0.5,25.9,588,1364
desoto,2004 10 16,Male,0.5,21.3,588,1364
desoto,2004 10 16,Female,0.5,29.9,588,1364
desoto,2004 10 16,Female,0.5,24.5,588,1364
desoto,2004 10 16,Male,0.5,23.1,588,1364
desoto,2004 10 16,Female,0.5,19.1,588,1364
desoto,2004 10 16,Female,0.5,24.0,588,1364
desoto,2004 10 16,Male,0.5,25.4,588,1364
desoto,2004 10 16,Female,0.5,22.2,588,1364
desoto,2004 10 16,Female,0.5,18.1,588,1364
desoto,2004 10 16,Female,0.5,20.4,588,1364
desoto,2004 10 16,Female,0.5,19.5,588,1364
desoto,2004 10 16,Female,0.5,23.1,588,1364
desoto,2004 10 16,Female,0.5,15.4,588,1364
desoto,2004 10 16,Female,0.5,23.1,588,1364
desoto,2004 10 16,Male,0.5,28.1,588,1364
desoto,2004 10 16,Male,0.5,27.2,588,1364
desoto,2004 10 16,Female,0.5,24.0,588,1364
desoto,2004 10 16,Male,0.5,27.7,588,1364
desoto,2004 10 16,Male,0.5,27.7,588,1364
desoto,2004 10 16,Male,0.5,23.6,588,1364
desoto,2004 10 16,Male,0.5,18.6,588,1364
desoto,2004 10 16,Male,0.5,23.1,588,1364
desoto,2004 10 16,Female,0.5,20.4,588,1364
desoto,2004 10 16,Male,0.5,28.1,588,1364
desoto,2004 10 16,Female,0.5,26.8,588,1364
desoto,2004 10 16,Female,0.5,20.9,588,1364
desoto,2004 10 16,Female,0.5,17.2,588,1364
desoto,2004 10 16,Female,0.5,20.4,588,1364
desoto,2004 10 16,Male,0.5,26.3,588,1364
desoto,2004 10 16,Female,0.5,22.7,588,1364
desoto,2004 10 16,Male,0.5,35.8,588,1364
desoto,2004 10 16,Female,0.5,19.1,588,1364
desoto,2004 10 16,Female,0.5,24.9,588,1364
desoto,2004 10 16,Male,0.5,27.7,588,1364
desoto,2004 10 16,Male,0.5,24.9,588,1364
desoto,2004 10 16,Female,0.5,33.6,588,1364
desoto,2004 10 16,Male,0.5,29.5,588,1364
desoto,2004 10 16,Female,0.5,20.4,588,1364
desoto,2004 10 16,Male,0.5,23.1,588,1364
desoto,2004 10 16,Male,0.5,21.3,588,1364
desoto,2004 10 16,Female,0.5,20.9,588,1364
desoto,2004 10 16,Male,0.5,27.7,588,1364
desoto,2004 10 16,Female,0.5,20.4,588,1364
desoto,2004 10 16,Male,0.5,26.3,588,1364
desoto,2004 10 16,Male,0.5,21.8,588,1364
desoto,2004 10 16,Female,0.5,24.9,588,1364
desoto,2004 10 16,Female,0.5,19.1,588,1364
desoto,2004 10 16,Male,0.5,23.6,588,1364
desoto,2004 10 16,Male,0.5,22.2,588,1364
desoto,2004 10 16,Male,0.5,29.5,588,1364
desoto,2004 10 16,Male,0.5,24.0,588,1364
desoto,2004 10 16,Male,0.5,29.9,588,1364
desoto,2004 10 16,Male,0.5,20.4,588,1364
desoto,2004 10 16,Male,0.5,24.9,588,1364
desoto,2004 10 16,Female,0.5,23.6,588,1364
desoto,2004 10 16,Female,0.5,20.0,588,1364
desoto,2004 10 16,Male,0.5,25.4,588,1364
desoto,2004 10 16,Male,0.5,28.1,588,1364
desoto,2004 10 16,Male,1.5,42.2,588,1364
desoto,2004 10 16,Male,1.5,39.0,588,1364
desoto,2004 10 16,Female,1.5,44.5,588,1364
desoto,2004 10 16,Male,1.5,52.6,588,1364
desoto,2004 10 16,Female,1.5,38.1,588,1364
desoto,2004 10 16,Female,1.5,38.6,588,1364
desoto,2004 10 16,Female,1.5,41.7,588,1364
desoto,2004 10 16,Female,1.5,39.0,588,1364
desoto,2004 10 16,Female,1.5,42.2,588,1364
desoto,2004 10 16,Female,1.5,43.1,588,1364
desoto,2004 10 16,Female,1.5,43.5,588,1364
desoto,2004 10 16,Male,1.5,44.9,588,1364
desoto,2004 10 16,Female,1.5,31.8,588,1364
desoto,2004 10 16,Female,1.5,29.5,588,1364
desoto,2004 10 16,Male,1.5,41.7,588,1364
desoto,2004 10 16,Female,1.5,44.9,588,1364
desoto,2004 10 16,Male,1.5,34.0,588,1364
desoto,2004 10 16,Female,2.5,51.3,588,1364
desoto,2004 10 16,Female,2.5,41.7,588,1364
desoto,2004 10 16,Female,2.5,45.8,588,1364
desoto,2004 10 16,Female,2.5,50.3,588,1364
desoto,2004 10 16,Female,2.5,48.5,588,1364
desoto,2004 10 16,Female,2.5,44.9,588,1364
desoto,2004 10 16,Female,2.5,49.9,588,1364
desoto,2004 10 16,Female,2.5,53.1,588,1364
desoto,2004 10 16,Female,2.5,50.3,588,1364
desoto,2004 10 16,Female,2.5,45.4,588,1364
desoto,2004 10 16,Female,2.5,42.6,588,1364
desoto,2004 10 16,Female,2.5,40.8,588,1364
desoto,2004 10 16,Female,2.5,43.5,588,1364
desoto,2004 10 16,Female,3.5,47.2,588,1364
desoto,2004 10 16,Female,3.5,48.5,588,1364
desoto,2004 10 16,Female,3.5,45.4,588,1364
desoto,2004 10 16,Female,3.5,45.8,588,1364
desoto,2004 10 16,Female,3.5,54.9,588,1364
desoto,2004 10 16,Female,3.5,53.5,588,1364
desoto,2004 10 16,Female,4.5-5.5,45.8,588,1364
desoto,2004 10 16,Female,4.5-5.5,41.3,588,1364
desoto,2004 10 16,Female,4.5-5.5,56.7,588,1364
desoto,2004 10 16,Female,4.5-5.5,61.7,588,1364
desoto,2004 10 16,Female,4.5-5.5,54.0,588,1364
desoto,2004 10 16,Female,6.5-8.5,50.8,588,1364
desoto,2004 10 17,Male,0.5,16.8,588,1364
desoto,2004 10 17,Female,0.5,28.6,588,1364
desoto,2004 10 17,Female,0.5,20.9,588,1364
desoto,2004 10 17,Male,0.5,23.6,588,1364
desoto,2004 10 17,Male,0.5,27.2,588,1364
desoto,2004 10 17,Male,0.5,20.4,588,1364
desoto,2004 10 17,Female,0.5,22.2,588,1364
desoto,2004 10 17,Female,0.5,27.2,588,1364
desoto,2004 10 17,Female,0.5,22.7,588,1364
desoto,2004 10 17,Male,0.5,27.2,588,1364
desoto,2004 10 17,Male,0.5,35.4,588,1364
desoto,2004 10 17,Male,0.5,32.7,588,1364
desoto,2004 10 17,Female,0.5,24.0,588,1364
desoto,2004 10 17,Female,0.5,26.3,588,1364
desoto,2004 10 17,Male,0.5,24.0,588,1364
desoto,2004 10 17,Female,1.5,47.6,588,1364
desoto,2004 10 17,Female,1.5,35.4,588,1364
desoto,2004 10 17,Female,2.5,42.6,588,1364
desoto,2004 10 17,Female,2.5,45.4,588,1364
desoto,2004 10 17,Female,3.5,59.4,588,1364
desoto,2004 10 17,Female,3.5,44.9,588,1364
desoto,2004 10 17,Female,3.5,43.5,588,1364
desoto,2004 10 17,Female,4.5-5.5,53.5,588,1364
desoto,2004 10 17,Female,6.5-8.5,49.9,588,1364
desoto,2004 12 11,Female,0.5,20.9,588,1364
desoto,2004 12 11,Female,0.5,21.3,588,1364
desoto,2004 12 11,Male,0.5,33.6,588,1364
desoto,2004 12 11,Female,0.5,25.9,588,1364
desoto,2004 12 11,Male,0.5,24.9,588,1364
desoto,2004 12 11,Female,0.5,24.9,588,1364
desoto,2004 12 11,Male,0.5,26.8,588,1364
desoto,2004 12 11,Female,0.5,27.7,588,1364
desoto,2004 12 11,Male,0.5,21.8,588,1364
desoto,2004 12 11,Male,0.5,27.7,588,1364
desoto,2004 12 11,Male,1.5,54.9,588,1364
desoto,2004 12 11,Male,1.5,49.4,588,1364
desoto,2004 12 11,Male,1.5,56.2,588,1364
desoto,2004 12 11,Male,1.5,43.1,588,1364
desoto,2004 12 11,Male,2.5,61.7,588,1364
desoto,2004 12 11,Male,2.5,61.7,588,1364
desoto,2004 12 11,Male,2.5,67.1,588,1364
desoto,2004 12 11,Female,2.5,49.0,588,1364
desoto,2004 12 11,Male,2.5,61.7,588,1364
desoto,2004 12 11,Female,2.5,43.1,588,1364
desoto,2004 12 11,Female,2.5,44.5,588,1364
desoto,2004 12 11,Female,2.5,46.3,588,1364
desoto,2004 12 11,Female,2.5,44.5,588,1364
desoto,2004 12 11,Female,2.5,47.6,588,1364
desoto,2004 12 11,Female,2.5,50.3,588,1364
desoto,2004 12 11,Male,2.5,66.7,588,1364
desoto,2004 12 11,Male,2.5,56.7,588,1364
desoto,2004 12 11,Female,2.5,46.3,588,1364
desoto,2004 12 11,Male,2.5,67.1,588,1364
desoto,2004 12 11,Female,2.5,48.5,588,1364
desoto,2004 12 11,Male,2.5,65.8,588,1364
desoto,2004 12 11,Male,3.5,64.9,588,1364
desoto,2004 12 11,Male,3.5,66.2,588,1364
desoto,2004 12 11,Male,3.5,67.6,588,1364
desoto,2004 12 11,Male,3.5,70.8,588,1364
desoto,2004 12 11,Male,3.5,62.1,588,1364
desoto,2004 12 11,Male,3.5,64.9,588,1364
desoto,2004 12 11,Male,3.5,69.4,588,1364
desoto,2004 12 11,Male,3.5,70.8,588,1364
desoto,2004 12 11,Male,3.5,60.3,588,1364
desoto,2004 12 11,Male,3.5,60.8,588,1364
desoto,2004 12 11,Female,3.5,48.1,588,1364
desoto,2004 12 11,Male,3.5,60.3,588,1364
desoto,2004 12 11,Female,3.5,52.2,588,1364
desoto,2004 12 11,Male,3.5,70.3,588,1364
desoto,2004 12 11,Male,4.5-5.5,63.0,588,1364
desoto,2004 12 11,Male,4.5-5.5,70.8,588,1364
desoto,2004 12 11,Male,4.5-5.5,72.6,588,1364
desoto,2004 12 11,Male,4.5-5.5,72.6,588,1364
desoto,2004 12 11,Male,4.5-5.5,85.3,588,1364
desoto,2004 12 11,Male,4.5-5.5,79.4,588,1364
desoto,2004 12 11,Male,4.5-5.5,83.5,588,1364
desoto,2004 12 11,Male,4.5-5.5,76.2,588,1364
desoto,2004 12 11,Female,6.5-8.5,52.6,588,1364
desoto,2004 12 12,Female,0.5,22.2,588,1364
desoto,2004 12 12,Male,0.5,27.7,588,1364
desoto,2004 12 12,Male,0.5,20.0,588,1364
desoto,2004 12 12,Male,0.5,25.4,588,1364
desoto,2004 12 12,Male,0.5,31.8,588,1364
desoto,2004 12 12,Female,0.5,26.3,588,1364
desoto,2004 12 12,Male,0.5,24.0,588,1364
desoto,2004 12 12,Male,0.5,32.7,588,1364
desoto,2004 12 12,Male,1.5,52.2,588,1364
desoto,2004 12 12,Female,1.5,45.4,588,1364
desoto,2004 12 12,Male,1.5,46.7,588,1364
desoto,2004 12 12,Male,1.5,53.5,588,1364
desoto,2004 12 12,Male,1.5,54.4,588,1364
desoto,2004 12 12,Female,1.5,42.6,588,1364
desoto,2004 12 12,Female,1.5,37.2,588,1364
desoto,2004 12 12,Male,1.5,45.8,588,1364
desoto,2004 12 12,Male,2.5,61.7,588,1364
desoto,2004 12 12,Female,2.5,46.7,588,1364
desoto,2004 12 12,Female,2.5,54.9,588,1364
desoto,2004 12 12,Female,2.5,46.7,588,1364
desoto,2004 12 12,Male,2.5,65.8,588,1364
desoto,2004 12 12,Male,2.5,63.0,588,1364
desoto,2004 12 12,Female,2.5,51.3,588,1364
desoto,2004 12 12,Female,2.5,49.0,588,1364
desoto,2004 12 12,Female,2.5,50.8,588,1364
desoto,2004 12 12,Female,2.5,44.5,588,1364
desoto,2004 12 12,Male,2.5,53.5,588,1364
desoto,2004 12 12,Male,2.5,70.3,588,1364
desoto,2004 12 12,Male,2.5,62.1,588,1364
desoto,2004 12 12,Female,2.5,45.8,588,1364
desoto,2004 12 12,Male,2.5,79.8,588,1364
desoto,2004 12 12,Male,2.5,66.2,588,1364
desoto,2004 12 12,Male,2.5,65.8,588,1364
desoto,2004 12 12,Female,2.5,39.5,588,1364
desoto,2004 12 12,Female,2.5,48.1,588,1364
desoto,2004 12 12,Female,2.5,45.8,588,1364
desoto,2004 12 12,Male,3.5,71.7,588,1364
desoto,2004 12 12,Male,3.5,68.5,588,1364
desoto,2004 12 12,Female,3.5,44.5,588,1364
desoto,2004 12 12,Female,3.5,51.3,588,1364
desoto,2004 12 12,Male,3.5,67.1,588,1364
desoto,2004 12 12,Female,3.5,50.8,588,1364
desoto,2004 12 12,Male,3.5,67.1,588,1364
desoto,2004 12 12,Male,3.5,76.2,588,1364
desoto,2004 12 12,Male,3.5,71.2,588,1364
desoto,2004 12 12,Male,3.5,68.9,588,1364
desoto,2004 12 12,Female,3.5,39.0,588,1364
desoto,2004 12 12,Female,3.5,45.4,588,1364
desoto,2004 12 12,Female,3.5,42.2,588,1364
desoto,2004 12 12,Male,4.5-5.5,82.1,588,1364
desoto,2004 12 12,Male,4.5-5.5,67.6,588,1364
desoto,2004 12 12,Male,4.5-5.5,75.3,588,1364
desoto,2004 12 12,Female,4.5-5.5,44.9,588,1364
desoto,2004 12 12,Male,4.5-5.5,78.5,588,1364
desoto,2004 12 12,Male,4.5-5.5,78.9,588,1364
desoto,2004 12 12,Male,4.5-5.5,78.5,588,1364
desoto,2004 12 12,Male,4.5-5.5,68.5,588,1364
desoto,2004 12 12,Male,4.5-5.5,63.5,588,1364
desoto,2004 12 12,Male,4.5-5.5,67.6,588,1364
desoto,2004 12 12,Female,6.5-8.5,47.6,588,1364
desoto,2004 12 12,Female,6.5-8.5,50.8,588,1364
desoto,2004 12 12,Female,6.5-8.5,58.5,588,1364
desoto,2005 01 08,Male,0.5,25.9,588,1364
desoto,2005 01 08,Female,0.5,29.5,588,1364
desoto,2005 01 08,Female,0.5,16.8,588,1364
desoto,2005 01 08,Female,0.5,22.7,588,1364
desoto,2005 01 08,Female,0.5,24.0,588,1364
desoto,2005 01 08,Female,0.5,17.2,588,1364
desoto,2005 01 08,Female,0.5,25.4,588,1364
desoto,2005 01 08,Male,0.5,24.9,588,1364
desoto,2005 01 08,Female,0.5,24.9,588,1364
desoto,2005 01 08,Male,0.5,33.1,588,1364
desoto,2005 01 08,Female,0.5,22.7,588,1364
desoto,2005 01 08,Female,0.5,27.7,588,1364
desoto,2005 01 08,Male,0.5,30.4,588,1364
desoto,2005 01 08,Female,0.5,29.5,588,1364
desoto,2005 01 08,Male,0.5,25.9,588,1364
desoto,2005 01 08,Male,0.5,28.1,588,1364
desoto,2005 01 08,Female,1.5,41.7,588,1364
desoto,2005 01 08,Female,1.5,39.9,588,1364
desoto,2005 01 08,Male,2.5,32.2,588,1364
desoto,2005 01 08,Female,2.5,43.5,588,1364
desoto,2005 01 08,Female,2.5,39.5,588,1364
desoto,2005 01 08,Female,2.5,43.1,588,1364
desoto,2005 01 08,Female,2.5,46.3,588,1364
desoto,2005 01 08,Female,2.5,44.0,588,1364
desoto,2005 01 08,Female,2.5,36.3,588,1364
desoto,2005 01 08,Female,2.5,41.7,588,1364
desoto,2005 01 08,Female,3.5,45.8,588,1364
desoto,2005 01 08,Female,3.5,48.1,588,1364
desoto,2005 01 08,Male,3.5,71.2,588,1364
desoto,2005 01 08,Female,3.5,39.9,588,1364
desoto,2005 01 08,Female,3.5,49.9,588,1364
desoto,2005 01 08,Female,4.5-5.5,44.0,588,1364
desoto,2005 01 08,Female,4.5-5.5,50.3,588,1364
desoto,2005 01 08,Female,4.5-5.5,46.3,588,1364
desoto,2005 01 08,Female,4.5-5.5,56.2,588,1364
desoto,2005 01 08,Female,6.5-8.5,43.5,588,1364
desoto,2005 01 08,Female,6.5-8.5,46.7,588,1364
desoto,2005 01 09,Male,0.5,25.4,588,1364
desoto,2005 01 09,Male,0.5,34.0,588,1364
desoto,2005 01 09,Male,0.5,26.8,588,1364
desoto,2005 01 09,Female,0.5,29.0,588,1364
desoto,2005 01 09,Female,1.5,43.1,588,1364
desoto,2005 01 09,Female,2.5,46.7,588,1364
desoto,2005 01 09,Female,2.5,53.5,588,1364
desoto,2005 01 09,Female,2.5,54.0,588,1364
desoto,2005 01 09,Female,2.5,44.9,588,1364
desoto,2005 01 09,Female,3.5,54.0,588,1364
desoto,2005 01 09,Female,3.5,45.8,588,1364
desoto,2005 01 09,Male,3.5,68.9,588,1364
desoto,2005 01 09,Female,3.5,44.9,588,1364
desoto,2005 01 09,Female,3.5,41.3,588,1364
desoto,2005 01 09,Female,3.5,37.6,588,1364
desoto,2005 01 09,Female,4.5-5.5,44.0,588,1364
desoto,2005 01 09,Female,4.5-5.5,56.2,588,1364
desoto,2005 10 08,Male,0.5,24.9,614,1487
desoto,2005 10 08,Male,0.5,23.6,614,1487
desoto,2005 10 08,Female,0.5,20.4,614,1487
desoto,2005 10 08,Female,0.5,24.0,614,1487
desoto,2005 10 08,Male,0.5,20.4,614,1487
desoto,2005 10 08,Male,0.5,23.1,614,1487
desoto,2005 10 08,Male,0.5,28.6,614,1487
desoto,2005 10 08,Male,0.5,21.8,614,1487
desoto,2005 10 08,Male,0.5,28.6,614,1487
desoto,2005 10 08,Female,0.5,20.4,614,1487
desoto,2005 10 08,Male,0.5,22.7,614,1487
desoto,2005 10 08,Female,0.5,21.3,614,1487
desoto,2005 10 08,Male,0.5,22.2,614,1487
desoto,2005 10 08,Male,0.5,24.0,614,1487
desoto,2005 10 08,Female,0.5,23.1,614,1487
desoto,2005 10 08,Male,0.5,21.8,614,1487
desoto,2005 10 08,Male,0.5,24.0,614,1487
desoto,2005 10 08,Male,0.5,14.5,614,1487
desoto,2005 10 08,Female,0.5,23.6,614,1487
desoto,2005 10 08,Female,0.5,20.4,614,1487
desoto,2005 10 08,Female,0.5,24.9,614,1487
desoto,2005 10 08,Male,0.5,23.6,614,1487
desoto,2005 10 08,Female,0.5,21.3,614,1487
desoto,2005 10 08,Male,0.5,26.8,614,1487
desoto,2005 10 08,Male,0.5,19.5,614,1487
desoto,2005 10 08,Male,0.5,24.0,614,1487
desoto,2005 10 08,Male,0.5,28.1,614,1487
desoto,2005 10 08,Male,0.5,18.1,614,1487
desoto,2005 10 08,Male,0.5,26.3,614,1487
desoto,2005 10 08,Female,0.5,15.9,614,1487
desoto,2005 10 08,Male,0.5,24.9,614,1487
desoto,2005 10 08,Female,0.5,22.2,614,1487
desoto,2005 10 08,Male,0.5,21.3,614,1487
desoto,2005 10 08,Male,0.5,24.5,614,1487
desoto,2005 10 08,Female,0.5,23.1,614,1487
desoto,2005 10 08,Female,0.5,21.3,614,1487
desoto,2005 10 08,Male,0.5,15.0,614,1487
desoto,2005 10 08,Male,0.5,22.2,614,1487
desoto,2005 10 08,Male,0.5,18.6,614,1487
desoto,2005 10 08,Male,0.5,24.9,614,1487
desoto,2005 10 08,Female,0.5,20.0,614,1487
desoto,2005 10 08,Female,0.5,17.2,614,1487
desoto,2005 10 08,Female,0.5,22.2,614,1487
desoto,2005 10 08,Female,0.5,23.6,614,1487
desoto,2005 10 08,Female,0.5,14.5,614,1487
desoto,2005 10 08,Male,0.5,22.2,614,1487
desoto,2005 10 08,Female,0.5,15.9,614,1487
desoto,2005 10 08,Male,0.5,20.4,614,1487
desoto,2005 10 08,Male,0.5,13.6,614,1487
desoto,2005 10 08,Female,0.5,16.3,614,1487
desoto,2005 10 08,Male,0.5,18.6,614,1487
desoto,2005 10 08,Male,0.5,20.4,614,1487
desoto,2005 10 08,Female,0.5,23.6,614,1487
desoto,2005 10 08,Female,0.5,14.5,614,1487
desoto,2005 10 08,Female,0.5,24.9,614,1487
desoto,2005 10 08,Female,0.5,23.6,614,1487
desoto,2005 10 08,Male,0.5,20.9,614,1487
desoto,2005 10 08,Female,0.5,22.2,614,1487
desoto,2005 10 08,Male,0.5,18.6,614,1487
desoto,2005 10 08,Female,0.5,20.4,614,1487
desoto,2005 10 08,Male,0.5,29.5,614,1487
desoto,2005 10 08,Female,0.5,15.0,614,1487
desoto,2005 10 08,Female,0.5,21.8,614,1487
desoto,2005 10 08,Male,0.5,21.3,614,1487
desoto,2005 10 08,Female,0.5,21.3,614,1487
desoto,2005 10 08,Female,0.5,23.1,614,1487
desoto,2005 10 08,Male,0.5,27.7,614,1487
desoto,2005 10 08,Female,0.5,15.4,614,1487
desoto,2005 10 08,Female,0.5,20.0,614,1487
desoto,2005 10 08,Female,0.5,20.4,614,1487
desoto,2005 10 08,Female,0.5,20.4,614,1487
desoto,2005 10 08,Male,0.5,27.2,614,1487
desoto,2005 10 08,Male,0.5,18.6,614,1487
desoto,2005 10 08,Male,0.5,25.9,614,1487
desoto,2005 10 08,Female,0.5,28.6,614,1487
desoto,2005 10 08,Female,0.5,19.1,614,1487
desoto,2005 10 08,Male,1.5,38.6,614,1487
desoto,2005 10 08,Female,1.5,35.4,614,1487
desoto,2005 10 08,Female,1.5,45.4,614,1487
desoto,2005 10 08,Female,1.5,44.0,614,1487
desoto,2005 10 08,Female,1.5,39.0,614,1487
desoto,2005 10 08,Female,1.5,34.5,614,1487
desoto,2005 10 08,Male,1.5,45.4,614,1487
desoto,2005 10 08,Female,1.5,33.1,614,1487
desoto,2005 10 08,Male,1.5,31.8,614,1487
desoto,2005 10 08,Male,1.5,45.4,614,1487
desoto,2005 10 08,Male,1.5,47.2,614,1487
desoto,2005 10 08,Female,1.5,38.1,614,1487
desoto,2005 10 08,Female,1.5,46.7,614,1487
desoto,2005 10 08,Female,1.5,43.1,614,1487
desoto,2005 10 08,Female,1.5,33.1,614,1487
desoto,2005 10 08,Female,1.5,38.6,614,1487
desoto,2005 10 08,Female,1.5,38.1,614,1487
desoto,2005 10 08,Male,1.5,39.9,614,1487
desoto,2005 10 08,Female,1.5,41.3,614,1487
desoto,2005 10 08,Female,1.5,44.9,614,1487
desoto,2005 10 08,Female,1.5,30.8,614,1487
desoto,2005 10 08,Male,1.5,43.1,614,1487
desoto,2005 10 08,Female,1.5,29.9,614,1487
desoto,2005 10 08,Female,1.5,38.6,614,1487
desoto,2005 10 08,Male,1.5,50.3,614,1487
desoto,2005 10 08,Female,1.5,40.8,614,1487
desoto,2005 10 08,Female,1.5,34.9,614,1487
desoto,2005 10 08,Female,1.5,37.6,614,1487
desoto,2005 10 08,Female,1.5,36.3,614,1487
desoto,2005 10 08,Female,1.5,39.5,614,1487
desoto,2005 10 08,Female,1.5,39.9,614,1487
desoto,2005 10 08,Female,1.5,29.0,614,1487
desoto,2005 10 08,Female,1.5,38.6,614,1487
desoto,2005 10 08,Female,1.5,49.4,614,1487
desoto,2005 10 08,Female,2.5,40.8,614,1487
desoto,2005 10 08,Female,2.5,42.2,614,1487
desoto,2005 10 08,Female,2.5,47.6,614,1487
desoto,2005 10 08,Female,2.5,43.1,614,1487
desoto,2005 10 08,Female,2.5,44.0,614,1487
desoto,2005 10 08,Female,2.5,45.4,614,1487
desoto,2005 10 08,Female,2.5,38.6,614,1487
desoto,2005 10 08,Female,2.5,41.7,614,1487
desoto,2005 10 08,Female,2.5,43.5,614,1487
desoto,2005 10 08,Female,2.5,42.6,614,1487
desoto,2005 10 08,Female,2.5,44.0,614,1487
desoto,2005 10 08,Female,2.5,38.1,614,1487
desoto,2005 10 08,Female,2.5,51.3,614,1487
desoto,2005 10 08,Female,2.5,39.9,614,1487
desoto,2005 10 08,Female,2.5,45.4,614,1487
desoto,2005 10 08,Female,2.5,39.9,614,1487
desoto,2005 10 08,Female,3.5,39.9,614,1487
desoto,2005 10 08,Female,3.5,40.8,614,1487
desoto,2005 10 08,Female,3.5,38.6,614,1487
desoto,2005 10 08,Female,3.5,44.9,614,1487
desoto,2005 10 08,Female,3.5,51.7,614,1487
desoto,2005 10 08,Female,3.5,46.7,614,1487
desoto,2005 10 08,Female,3.5,45.4,614,1487
desoto,2005 10 08,Female,3.5,37.6,614,1487
desoto,2005 10 08,Female,3.5,48.5,614,1487
desoto,2005 10 08,Female,3.5,52.6,614,1487
desoto,2005 10 08,Female,3.5,47.6,614,1487
desoto,2005 10 08,Female,3.5,52.2,614,1487
desoto,2005 10 08,Female,3.5,51.7,614,1487
desoto,2005 10 08,Female,4.5-5.5,52.2,614,1487
desoto,2005 10 08,Female,4.5-5.5,49.9,614,1487
desoto,2005 10 08,Female,4.5-5.5,48.5,614,1487
desoto,2005 10 08,Female,4.5-5.5,47.6,614,1487
desoto,2005 10 08,Female,6.5-8.5,45.4,614,1487
desoto,2005 10 08,Female,6.5-8.5,45.8,614,1487
desoto,2005 10 08,Female,6.5-8.5,64.9,614,1487
desoto,2005 10 08,Female,6.5-8.5,51.7,614,1487
desoto,2005 10 08,Female,6.5-8.5,44.5,614,1487
desoto,2005 10 08,Female,6.5-8.5,49.0,614,1487
desoto,2005 10 08,Female,9.5+,46.7,614,1487
desoto,2005 10 08,Female,9.5+,45.4,614,1487
desoto,2005 10 08,Female,9.5+,45.4,614,1487
desoto,2005 10 08,Female,9.5+,40.8,614,1487
desoto,2005 10 08,Female,9.5+,46.3,614,1487
desoto,2005 10 08,Female,9.5+,39.0,614,1487
desoto,2005 10 09,Female,0.5,22.7,614,1487
desoto,2005 10 09,Male,0.5,25.4,614,1487
desoto,2005 10 09,Female,0.5,34.0,614,1487
desoto,2005 10 09,Female,0.5,22.7,614,1487
desoto,2005 10 09,Male,0.5,23.1,614,1487
desoto,2005 10 09,Male,0.5,21.8,614,1487
desoto,2005 10 09,Male,0.5,24.0,614,1487
desoto,2005 10 09,Female,0.5,10.4,614,1487
desoto,2005 10 09,Male,0.5,24.9,614,1487
desoto,2005 10 09,Male,0.5,24.0,614,1487
desoto,2005 10 09,Male,0.5,24.5,614,1487
desoto,2005 10 09,Female,0.5,22.2,614,1487
desoto,2005 10 09,Female,0.5,26.8,614,1487
desoto,2005 10 09,Female,0.5,17.2,614,1487
desoto,2005 10 09,Female,0.5,25.4,614,1487
desoto,2005 10 09,Female,0.5,18.1,614,1487
desoto,2005 10 09,Female,0.5,26.3,614,1487
desoto,2005 10 09,Female,0.5,23.6,614,1487
desoto,2005 10 09,Male,0.5,20.4,614,1487
desoto,2005 10 09,Male,0.5,24.5,614,1487
desoto,2005 10 09,Male,0.5,21.3,614,1487
desoto,2005 10 09,Female,0.5,19.1,614,1487
desoto,2005 10 09,Male,0.5,22.7,614,1487
desoto,2005 10 09,Female,0.5,19.1,614,1487
desoto,2005 10 09,Female,0.5,18.1,614,1487
desoto,2005 10 09,Male,0.5,21.8,614,1487
desoto,2005 10 09,Female,0.5,24.5,614,1487
desoto,2005 10 09,Female,0.5,24.9,614,1487
desoto,2005 10 09,Male,0.5,26.8,614,1487
desoto,2005 10 09,Female,0.5,18.6,614,1487
desoto,2005 10 09,Female,1.5,38.6,614,1487
desoto,2005 10 09,Male,1.5,45.4,614,1487
desoto,2005 10 09,Female,1.5,44.9,614,1487
desoto,2005 10 09,Female,1.5,34.0,614,1487
desoto,2005 10 09,Male,1.5,35.8,614,1487
desoto,2005 10 09,Female,1.5,37.6,614,1487
desoto,2005 10 09,Female,1.5,36.3,614,1487
desoto,2005 10 09,Female,1.5,40.4,614,1487
desoto,2005 10 09,Female,1.5,42.6,614,1487
desoto,2005 10 09,Female,1.5,36.3,614,1487
desoto,2005 10 09,Female,2.5,40.8,614,1487
desoto,2005 10 09,Female,2.5,43.5,614,1487
desoto,2005 10 09,Female,2.5,38.6,614,1487
desoto,2005 10 09,Female,2.5,34.9,614,1487
desoto,2005 10 09,Female,2.5,40.8,614,1487
desoto,2005 10 09,Female,2.5,34.0,614,1487
desoto,2005 10 09,Female,3.5,50.3,614,1487
desoto,2005 10 09,Female,3.5,36.7,614,1487
desoto,2005 10 09,Female,3.5,49.0,614,1487
desoto,2005 10 09,Female,3.5,42.2,614,1487
desoto,2005 10 09,Female,3.5,47.2,614,1487
desoto,2005 10 09,Female,3.5,43.1,614,1487
desoto,2005 10 09,Female,3.5,40.8,614,1487
desoto,2005 10 09,Female,4.5-5.5,44.9,614,1487
desoto,2005 10 09,Female,4.5-5.5,47.2,614,1487
desoto,2005 10 09,Female,4.5-5.5,48.1,614,1487
desoto,2005 10 09,Female,4.5-5.5,40.4,614,1487
desoto,2005 10 09,Female,6.5-8.5,47.6,614,1487
desoto,2005 10 09,Female,6.5-8.5,43.5,614,1487
desoto,2005 10 09,Female,9.5+,46.7,614,1487
boyer,2005 10 15,Male,0.5,21.8,0,101
boyer,2005 10 15,Female,3.5,39.0,0,101
boyer,2005 10 15,Female,3.5,40.4,0,101
boyer,2005 10 15,Female,4.5-5.5,38.1,0,101
boyer,2005 10 15,Male,0.5,20.9,0,101
boyer,2005 10 15,Female,2.5,52.6,0,101
boyer,2005 10 15,Female,3.5,40.8,0,101
boyer,2005 10 15,Male,0.5,22.7,0,101
boyer,2005 10 15,Female,2.5,34.5,0,101
boyer,2005 10 15,Female,3.5,37.2,0,101
boyer,2005 10 15,Female,3.5,34.0,0,101
boyer,2005 10 15,Female,0.5,15.4,0,101
boyer,2005 10 15,Female,0.5,24.9,0,101
boyer,2005 10 15,Female,2.5,24.0,0,101
boyer,2005 10 15,Male,0.5,23.1,0,101
boyer,2005 10 16,Female,0.5,14.1,0,101
boyer,2005 10 16,Female,3.5,42.2,0,101
boyer,2005 10 16,Female,0.5,21.8,0,101
boyer,2005 10 16,Male,1.5,33.1,0,101
boyer,2005 10 16,Female,0.5,22.2,0,101
boyer,2005 10 16,Male,0.5,26.3,0,101
boyer,2005 10 16,Female,2.5,45.4,0,101
boyer,2005 10 16,Female,3.5,37.2,0,101
desoto,2005 10 22,Male,0.5,20.9,614,1487
desoto,2005 10 22,Male,0.5,23.1,614,1487
desoto,2005 10 22,Female,0.5,20.4,614,1487
desoto,2005 10 22,Female,0.5,28.6,614,1487
desoto,2005 10 22,Male,0.5,34.9,614,1487
desoto,2005 10 22,Male,0.5,13.6,614,1487
desoto,2005 10 22,Male,0.5,23.6,614,1487
desoto,2005 10 22,Female,0.5,24.0,614,1487
desoto,2005 10 22,Male,0.5,23.6,614,1487
desoto,2005 10 22,Male,0.5,24.9,614,1487
desoto,2005 10 22,Male,0.5,20.9,614,1487
desoto,2005 10 22,Female,0.5,23.1,614,1487
desoto,2005 10 22,Female,0.5,20.9,614,1487
desoto,2005 10 22,Female,0.5,27.7,614,1487
desoto,2005 10 22,Male,0.5,23.6,614,1487
desoto,2005 10 22,Male,0.5,29.9,614,1487
desoto,2005 10 22,Male,0.5,25.4,614,1487
desoto,2005 10 22,Female,0.5,21.8,614,1487
desoto,2005 10 22,Male,0.5,27.2,614,1487
desoto,2005 10 22,Female,0.5,21.8,614,1487
desoto,2005 10 22,Female,0.5,19.1,614,1487
desoto,2005 10 22,Male,0.5,25.4,614,1487
desoto,2005 10 22,Female,0.5,28.6,614,1487
desoto,2005 10 22,Female,0.5,14.1,614,1487
desoto,2005 10 22,Male,0.5,27.7,614,1487
desoto,2005 10 22,Male,0.5,16.8,614,1487
desoto,2005 10 22,Male,0.5,24.5,614,1487
desoto,2005 10 22,Male,0.5,24.5,614,1487
desoto,2005 10 22,Male,0.5,29.9,614,1487
desoto,2005 10 22,Female,0.5,20.9,614,1487
desoto,2005 10 22,Female,0.5,22.2,614,1487
desoto,2005 10 22,Male,0.5,22.7,614,1487
desoto,2005 10 22,Male,0.5,23.6,614,1487
desoto,2005 10 22,Male,0.5,33.1,614,1487
desoto,2005 10 22,Female,0.5,13.6,614,1487
desoto,2005 10 22,Male,0.5,27.2,614,1487
desoto,2005 10 22,Female,0.5,24.5,614,1487
desoto,2005 10 22,Female,0.5,20.0,614,1487
desoto,2005 10 22,Male,1.5,46.7,614,1487
desoto,2005 10 22,Female,1.5,40.4,614,1487
desoto,2005 10 22,Female,1.5,47.2,614,1487
desoto,2005 10 22,Female,1.5,39.0,614,1487
desoto,2005 10 22,Male,1.5,42.6,614,1487
desoto,2005 10 22,Female,1.5,48.5,614,1487
desoto,2005 10 22,Female,1.5,37.6,614,1487
desoto,2005 10 22,Female,1.5,44.5,614,1487
desoto,2005 10 22,Female,1.5,42.6,614,1487
desoto,2005 10 22,Female,1.5,32.2,614,1487
desoto,2005 10 22,Male,1.5,35.4,614,1487
desoto,2005 10 22,Female,1.5,41.3,614,1487
desoto,2005 10 22,Male,1.5,40.4,614,1487
desoto,2005 10 22,Female,1.5,38.1,614,1487
desoto,2005 10 22,Female,1.5,41.7,614,1487
desoto,2005 10 22,Female,1.5,36.3,614,1487
desoto,2005 10 22,Female,1.5,46.7,614,1487
desoto,2005 10 22,Male,1.5,43.1,614,1487
desoto,2005 10 22,Female,1.5,34.5,614,1487
desoto,2005 10 22,Female,2.5,46.3,614,1487
desoto,2005 10 22,Female,2.5,53.5,614,1487
desoto,2005 10 22,Female,2.5,39.9,614,1487
desoto,2005 10 22,Female,2.5,53.1,614,1487
desoto,2005 10 22,Female,2.5,52.2,614,1487
desoto,2005 10 22,Female,2.5,42.6,614,1487
desoto,2005 10 22,Female,2.5,55.8,614,1487
desoto,2005 10 22,Female,2.5,40.8,614,1487
desoto,2005 10 22,Female,2.5,40.8,614,1487
desoto,2005 10 22,Female,2.5,49.4,614,1487
desoto,2005 10 22,Female,2.5,52.2,614,1487
desoto,2005 10 22,Female,2.5,44.5,614,1487
desoto,2005 10 22,Female,2.5,39.9,614,1487
desoto,2005 10 22,Female,2.5,49.0,614,1487
desoto,2005 10 22,Female,2.5,42.6,614,1487
desoto,2005 10 22,Female,2.5,41.7,614,1487
desoto,2005 10 22,Female,2.5,45.4,614,1487
desoto,2005 10 22,Female,2.5,50.3,614,1487
desoto,2005 10 22,Female,3.5,45.4,614,1487
desoto,2005 10 22,Female,3.5,48.1,614,1487
desoto,2005 10 22,Female,3.5,58.1,614,1487
desoto,2005 10 22,Female,3.5,49.0,614,1487
desoto,2005 10 22,Female,3.5,42.2,614,1487
desoto,2005 10 22,Female,3.5,44.9,614,1487
desoto,2005 10 22,Female,3.5,52.6,614,1487
desoto,2005 10 22,Female,3.5,45.8,614,1487
desoto,2005 10 22,Female,3.5,57.6,614,1487
desoto,2005 10 22,Female,4.5-5.5,49.9,614,1487
desoto,2005 10 22,Female,4.5-5.5,49.9,614,1487
desoto,2005 10 22,Female,4.5-5.5,52.6,614,1487
desoto,2005 10 22,Female,4.5-5.5,43.5,614,1487
desoto,2005 10 22,Female,4.5-5.5,49.9,614,1487
desoto,2005 10 22,Female,6.5-8.5,50.3,614,1487
desoto,2005 10 22,Female,6.5-8.5,31.8,614,1487
desoto,2005 10 22,Female,9.5+,40.4,614,1487
desoto,2005 10 22,Female,9.5+,35.4,614,1487
desoto,2005 10 22,Female,9.5+,40.4,614,1487
desoto,2005 10 23,Female,0.5,32.7,614,1487
desoto,2005 10 23,Male,0.5,29.0,614,1487
desoto,2005 10 23,Male,0.5,30.8,614,1487
desoto,2005 10 23,Male,0.5,22.7,614,1487
desoto,2005 10 23,Male,0.5,22.7,614,1487
desoto,2005 10 23,Male,0.5,22.7,614,1487
desoto,2005 10 23,Female,0.5,24.9,614,1487
desoto,2005 10 23,Female,0.5,20.0,614,1487
desoto,2005 10 23,Female,0.5,22.2,614,1487
desoto,2005 10 23,Female,0.5,16.8,614,1487
desoto,2005 10 23,Male,0.5,27.2,614,1487
desoto,2005 10 23,Male,0.5,30.8,614,1487
desoto,2005 10 23,Male,0.5,27.2,614,1487
desoto,2005 10 23,Female,0.5,19.5,614,1487
desoto,2005 10 23,Male,0.5,28.1,614,1487
desoto,2005 10 23,Female,0.5,22.7,614,1487
desoto,2005 10 23,Female,0.5,26.8,614,1487
desoto,2005 10 23,Female,0.5,23.6,614,1487
desoto,2005 10 23,Male,0.5,26.8,614,1487
desoto,2005 10 23,Female,0.5,24.5,614,1487
desoto,2005 10 23,Male,0.5,18.1,614,1487
desoto,2005 10 23,Female,0.5,24.5,614,1487
desoto,2005 10 23,Male,0.5,24.5,614,1487
desoto,2005 10 23,Female,0.5,24.0,614,1487
desoto,2005 10 23,Female,0.5,20.0,614,1487
desoto,2005 10 23,Female,0.5,22.7,614,1487
desoto,2005 10 23,Male,0.5,19.5,614,1487
desoto,2005 10 23,Female,0.5,20.4,614,1487
desoto,2005 10 23,Male,0.5,27.2,614,1487
desoto,2005 10 23,Male,1.5,38.1,614,1487
desoto,2005 10 23,Female,1.5,40.8,614,1487
desoto,2005 10 23,Female,1.5,35.4,614,1487
desoto,2005 10 23,Female,2.5,36.3,614,1487
desoto,2005 10 23,Female,2.5,39.5,614,1487
desoto,2005 10 23,Female,2.5,48.1,614,1487
desoto,2005 10 23,Female,2.5,44.9,614,1487
desoto,2005 10 23,Female,2.5,39.9,614,1487
desoto,2005 10 23,Female,2.5,48.5,614,1487
desoto,2005 10 23,Female,2.5,46.7,614,1487
desoto,2005 10 23,Female,2.5,45.8,614,1487
desoto,2005 10 23,Female,2.5,44.0,614,1487
desoto,2005 10 23,Female,2.5,49.9,614,1487
desoto,2005 10 23,Female,3.5,44.5,614,1487
desoto,2005 10 23,Female,3.5,44.5,614,1487
desoto,2005 10 23,Female,3.5,48.1,614,1487
desoto,2005 10 23,Female,3.5,45.4,614,1487
desoto,2005 10 23,Female,3.5,50.3,614,1487
desoto,2005 10 23,Female,3.5,42.6,614,1487
desoto,2005 10 23,Female,3.5,46.3,614,1487
desoto,2005 10 23,Female,3.5,48.1,614,1487
desoto,2005 10 23,Female,3.5,47.2,614,1487
desoto,2005 10 23,Female,4.5-5.5,40.8,614,1487
boyer,2005 12 03,Male,0.5,26.8,0,101
boyer,2005 12 03,Male,0.5,37.6,0,101
boyer,2005 12 03,Male,0.5,25.4,0,101
boyer,2005 12 03,Male,0.5,23.6,0,101
boyer,2005 12 03,Female,0.5,29.0,0,101
boyer,2005 12 03,Female,0.5,24.0,0,101
boyer,2005 12 03,Female,4.5-5.5,50.8,0,101
boyer,2005 12 03,Female,0.5,27.7,0,101
boyer,2005 12 03,Female,2.5,46.7,0,101
boyer,2005 12 03,Female,0.5,23.6,0,101
boyer,2005 12 04,Female,2.5,39.5,0,101
boyer,2005 12 04,Female,0.5,26.3,0,101
desoto,2005 12 10,Female,0.5,29.0,614,1487
desoto,2005 12 10,Female,0.5,21.3,614,1487
desoto,2005 12 10,Male,0.5,28.6,614,1487
desoto,2005 12 10,Female,0.5,24.0,614,1487
desoto,2005 12 10,Male,0.5,30.8,614,1487
desoto,2005 12 10,Female,0.5,29.5,614,1487
desoto,2005 12 10,Female,1.5,41.3,614,1487
desoto,2005 12 10,Male,1.5,54.9,614,1487
desoto,2005 12 10,Female,1.5,49.0,614,1487
desoto,2005 12 10,Female,1.5,45.8,614,1487
desoto,2005 12 10,Male,1.5,55.8,614,1487
desoto,2005 12 10,Female,1.5,33.6,614,1487
desoto,2005 12 10,Female,1.5,43.5,614,1487
desoto,2005 12 10,Male,1.5,51.7,614,1487
desoto,2005 12 10,Male,2.5,58.5,614,1487
desoto,2005 12 10,Male,2.5,50.8,614,1487
desoto,2005 12 10,Male,2.5,63.0,614,1487
desoto,2005 12 10,Male,2.5,55.8,614,1487
desoto,2005 12 10,Male,2.5,59.0,614,1487
desoto,2005 12 10,Male,3.5,59.0,614,1487
desoto,2005 12 10,Male,3.5,59.4,614,1487
desoto,2005 12 10,Male,3.5,65.8,614,1487
desoto,2005 12 10,Female,3.5,45.4,614,1487
desoto,2005 12 10,Male,3.5,78.0,614,1487
desoto,2005 12 10,Male,3.5,64.9,614,1487
desoto,2005 12 10,Female,3.5,45.4,614,1487
desoto,2005 12 10,Male,3.5,48.1,614,1487
desoto,2005 12 10,Male,3.5,65.3,614,1487
desoto,2005 12 10,Male,3.5,80.7,614,1487
desoto,2005 12 10,Male,3.5,70.8,614,1487
desoto,2005 12 10,Male,3.5,78.9,614,1487
desoto,2005 12 10,Female,3.5,51.7,614,1487
desoto,2005 12 10,Male,3.5,76.2,614,1487
desoto,2005 12 10,Male,4.5-5.5,72.6,614,1487
desoto,2005 12 10,Female,4.5-5.5,34.9,614,1487
desoto,2005 12 10,Male,4.5-5.5,73.5,614,1487
desoto,2005 12 10,Male,4.5-5.5,69.4,614,1487
desoto,2005 12 10,Male,4.5-5.5,77.1,614,1487
desoto,2005 12 10,Male,4.5-5.5,78.5,614,1487
desoto,2005 12 10,Male,4.5-5.5,80.3,614,1487
desoto,2005 12 10,Male,4.5-5.5,74.4,614,1487
desoto,2005 12 10,Male,4.5-5.5,67.1,614,1487
desoto,2005 12 10,Male,4.5-5.5,67.6,614,1487
desoto,2005 12 10,Male,4.5-5.5,82.6,614,1487
desoto,2005 12 10,Male,4.5-5.5,69.4,614,1487
desoto,2005 12 10,Female,4.5-5.5,50.3,614,1487
desoto,2005 12 10,Male,4.5-5.5,73.0,614,1487
desoto,2005 12 11,Female,0.5,29.5,614,1487
desoto,2005 12 11,Female,0.5,22.2,614,1487
desoto,2005 12 11,Female,0.5,24.5,614,1487
desoto,2005 12 11,Female,0.5,20.9,614,1487
desoto,2005 12 11,Male,0.5,28.6,614,1487
desoto,2005 12 11,Female,0.5,21.8,614,1487
desoto,2005 12 11,Male,0.5,29.9,614,1487
desoto,2005 12 11,Male,1.5,55.3,614,1487
desoto,2005 12 11,Female,1.5,43.1,614,1487
desoto,2005 12 11,Female,1.5,38.1,614,1487
desoto,2005 12 11,Male,1.5,42.2,614,1487
desoto,2005 12 11,Female,1.5,34.9,614,1487
desoto,2005 12 11,Female,2.5,54.0,614,1487
desoto,2005 12 11,Male,2.5,57.2,614,1487
desoto,2005 12 11,Female,2.5,38.1,614,1487
desoto,2005 12 11,Female,2.5,49.4,614,1487
desoto,2005 12 11,Female,2.5,52.2,614,1487
desoto,2005 12 11,Male,2.5,60.3,614,1487
desoto,2005 12 11,Male,2.5,54.0,614,1487
desoto,2005 12 11,Male,2.5,59.4,614,1487
desoto,2005 12 11,Male,3.5,61.2,614,1487
desoto,2005 12 11,Male,3.5,76.2,614,1487
desoto,2005 12 11,Female,3.5,51.7,614,1487
desoto,2005 12 11,Female,3.5,45.4,614,1487
desoto,2005 12 11,Male,3.5,71.2,614,1487
desoto,2005 12 11,Female,3.5,46.7,614,1487
desoto,2005 12 11,Male,3.5,65.3,614,1487
desoto,2005 12 11,Male,3.5,63.0,614,1487
desoto,2005 12 11,Male,3.5,69.9,614,1487
desoto,2005 12 11,Male,3.5,55.8,614,1487
desoto,2005 12 11,Male,3.5,70.3,614,1487
desoto,2005 12 11,Male,3.5,74.4,614,1487
desoto,2005 12 11,Male,3.5,59.4,614,1487
desoto,2005 12 11,Male,4.5-5.5,89.8,614,1487
desoto,2005 12 11,Female,4.5-5.5,51.7,614,1487
desoto,2005 12 11,Male,4.5-5.5,78.0,614,1487
desoto,2005 12 11,Female,4.5-5.5,42.2,614,1487
desoto,2005 12 11,Male,4.5-5.5,66.7,614,1487
desoto,2005 12 11,Male,4.5-5.5,73.5,614,1487
desoto,2005 12 11,Male,4.5-5.5,75.3,614,1487
desoto,2005 12 11,Female,6.5-8.5,45.4,614,1487
desoto,2005 12 11,Female,9.5+,48.5,614,1487
desoto,2006 01 07,Female,0.5,36.3,614,1487
desoto,2006 01 07,Female,0.5,24.9,614,1487
desoto,2006 01 07,Male,0.5,20.9,614,1487
desoto,2006 01 07,Male,0.5,30.8,614,1487
desoto,2006 01 07,Male,0.5,24.9,614,1487
desoto,2006 01 07,Male,0.5,25.4,614,1487
desoto,2006 01 07,Male,0.5,29.5,614,1487
desoto,2006 01 07,Female,0.5,24.5,614,1487
desoto,2006 01 07,Male,0.5,28.6,614,1487
desoto,2006 01 07,Male,0.5,25.4,614,1487
desoto,2006 01 07,Male,0.5,33.1,614,1487
desoto,2006 01 07,Female,0.5,27.2,614,1487
desoto,2006 01 07,Male,0.5,29.0,614,1487
desoto,2006 01 07,Female,0.5,30.4,614,1487
desoto,2006 01 07,Male,0.5,20.0,614,1487
desoto,2006 01 07,Female,0.5,28.1,614,1487
desoto,2006 01 07,Male,0.5,32.2,614,1487
desoto,2006 01 07,Female,0.5,29.9,614,1487
desoto,2006 01 07,Male,0.5,26.3,614,1487
desoto,2006 01 07,Male,0.5,32.2,614,1487
desoto,2006 01 07,Female,0.5,34.0,614,1487
desoto,2006 01 07,Male,0.5,26.8,614,1487
desoto,2006 01 07,Male,0.5,28.1,614,1487
desoto,2006 01 07,Female,0.5,25.9,614,1487
desoto,2006 01 07,Female,0.5,29.9,614,1487
desoto,2006 01 07,Female,0.5,29.0,614,1487
desoto,2006 01 07,Male,0.5,34.9,614,1487
desoto,2006 01 07,Female,0.5,30.4,614,1487
desoto,2006 01 07,Male,0.5,31.8,614,1487
desoto,2006 01 07,Female,0.5,22.7,614,1487
desoto,2006 01 07,Male,0.5,38.6,614,1487
desoto,2006 01 07,Male,0.5,27.2,614,1487
desoto,2006 01 07,Female,0.5,24.0,614,1487
desoto,2006 01 07,Male,0.5,28.6,614,1487
desoto,2006 01 07,Male,0.5,31.8,614,1487
desoto,2006 01 07,Male,0.5,38.6,614,1487
desoto,2006 01 07,Female,1.5,43.1,614,1487
desoto,2006 01 07,Female,1.5,40.8,614,1487
desoto,2006 01 07,Female,1.5,40.8,614,1487
desoto,2006 01 07,Male,1.5,54.0,614,1487
desoto,2006 01 07,Female,1.5,41.3,614,1487
desoto,2006 01 07,Male,1.5,44.5,614,1487
desoto,2006 01 07,Male,1.5,45.8,614,1487
desoto,2006 01 07,Male,1.5,48.5,614,1487
desoto,2006 01 07,Male,1.5,31.8,614,1487
desoto,2006 01 07,Female,1.5,42.2,614,1487
desoto,2006 01 07,Female,1.5,43.5,614,1487
desoto,2006 01 07,Male,1.5,37.6,614,1487
desoto,2006 01 07,Female,1.5,34.5,614,1487
desoto,2006 01 07,Female,1.5,34.0,614,1487
desoto,2006 01 07,Female,1.5,45.4,614,1487
desoto,2006 01 07,Female,1.5,38.1,614,1487
desoto,2006 01 07,Female,1.5,38.6,614,1487
desoto,2006 01 07,Female,1.5,30.4,614,1487
desoto,2006 01 07,Female,1.5,39.0,614,1487
desoto,2006 01 07,Female,1.5,44.5,614,1487
desoto,2006 01 07,Male,1.5,51.7,614,1487
desoto,2006 01 07,Female,2.5,43.1,614,1487
desoto,2006 01 07,Female,2.5,59.0,614,1487
desoto,2006 01 07,Female,2.5,51.3,614,1487
desoto,2006 01 07,Female,2.5,45.8,614,1487
desoto,2006 01 07,Female,2.5,45.4,614,1487
desoto,2006 01 07,Female,2.5,55.8,614,1487
desoto,2006 01 07,Female,2.5,44.9,614,1487
desoto,2006 01 07,Female,2.5,40.4,614,1487
desoto,2006 01 07,Female,2.5,47.6,614,1487
desoto,2006 01 07,Female,2.5,44.0,614,1487
desoto,2006 01 07,Female,2.5,47.6,614,1487
desoto,2006 01 07,Female,2.5,49.4,614,1487
desoto,2006 01 07,Female,2.5,64.4,614,1487
desoto,2006 01 07,Female,2.5,48.5,614,1487
desoto,2006 01 07,Female,2.5,47.6,614,1487
desoto,2006 01 07,Female,2.5,44.5,614,1487
desoto,2006 01 07,Female,2.5,48.1,614,1487
desoto,2006 01 07,Female,2.5,38.6,614,1487
desoto,2006 01 07,Female,2.5,49.4,614,1487
desoto,2006 01 07,Female,2.5,50.8,614,1487
desoto,2006 01 07,Female,2.5,40.8,614,1487
desoto,2006 01 07,Female,2.5,34.5,614,1487
desoto,2006 01 07,Female,2.5,50.3,614,1487
desoto,2006 01 07,Female,2.5,46.3,614,1487
desoto,2006 01 07,Female,2.5,48.5,614,1487
desoto,2006 01 07,Female,2.5,45.4,614,1487
desoto,2006 01 07,Female,2.5,44.9,614,1487
desoto,2006 01 07,Female,2.5,37.6,614,1487
desoto,2006 01 07,Female,3.5,60.8,614,1487
desoto,2006 01 07,Female,3.5,55.8,614,1487
desoto,2006 01 07,Female,3.5,54.4,614,1487
desoto,2006 01 07,Female,3.5,49.9,614,1487
desoto,2006 01 07,Female,3.5,49.0,614,1487
desoto,2006 01 07,Female,3.5,55.8,614,1487
desoto,2006 01 07,Female,3.5,51.3,614,1487
desoto,2006 01 07,Female,3.5,51.3,614,1487
desoto,2006 01 07,Male,4.5-5.5,80.3,614,1487
desoto,2006 01 07,Male,4.5-5.5,64.9,614,1487
desoto,2006 01 07,Female,4.5-5.5,53.1,614,1487
desoto,2006 01 07,Female,4.5-5.5,53.1,614,1487
desoto,2006 01 07,Female,4.5-5.5,59.0,614,1487
desoto,2006 01 07,Female,4.5-5.5,51.3,614,1487
desoto,2006 01 07,Female,4.5-5.5,59.0,614,1487
desoto,2006 01 07,Female,4.5-5.5,47.2,614,1487
desoto,2006 01 07,Female,4.5-5.5,52.6,614,1487
desoto,2006 01 07,Male,4.5-5.5,83.5,614,1487
desoto,2006 01 07,Female,6.5-8.5,53.1,614,1487
desoto,2006 01 07,Female,6.5-8.5,47.6,614,1487
desoto,2006 01 07,Female,6.5-8.5,44.9,614,1487
desoto,2006 01 07,Female,6.5-8.5,48.5,614,1487
desoto,2006 01 07,Female,6.5-8.5,49.0,614,1487
desoto,2006 01 07,Male,9.5+,53.1,614,1487
desoto,2006 01 07,Female,9.5+,45.4,614,1487
desoto,2006 01 08,Female,0.5,29.5,614,1487
desoto,2006 01 08,Male,0.5,27.2,614,1487
desoto,2006 01 08,Female,0.5,31.3,614,1487
desoto,2006 01 08,Male,0.5,27.7,614,1487
desoto,2006 01 08,Male,0.5,28.1,614,1487
desoto,2006 01 08,Male,0.5,27.7,614,1487
desoto,2006 01 08,Female,0.5,27.7,614,1487
desoto,2006 01 08,Female,0.5,28.1,614,1487
desoto,2006 01 08,Male,0.5,25.4,614,1487
desoto,2006 01 08,Male,0.5,29.5,614,1487
desoto,2006 01 08,Female,1.5,44.0,614,1487
desoto,2006 01 08,Male,1.5,49.4,614,1487
desoto,2006 01 08,Male,1.5,44.0,614,1487
desoto,2006 01 08,Female,1.5,44.5,614,1487
desoto,2006 01 08,Female,1.5,52.2,614,1487
desoto,2006 01 08,Female,1.5,45.4,614,1487
desoto,2006 01 08,Male,1.5,52.2,614,1487
desoto,2006 01 08,Male,1.5,39.0,614,1487
desoto,2006 01 08,Female,1.5,34.5,614,1487
desoto,2006 01 08,Female,1.5,44.0,614,1487
desoto,2006 01 08,Female,1.5,36.3,614,1487
desoto,2006 01 08,Female,2.5,47.2,614,1487
desoto,2006 01 08,Female,2.5,39.9,614,1487
desoto,2006 01 08,Female,2.5,45.4,614,1487
desoto,2006 01 08,Male,2.5,55.3,614,1487
desoto,2006 01 08,Female,2.5,43.1,614,1487
desoto,2006 01 08,Female,2.5,40.8,614,1487
desoto,2006 01 08,Female,2.5,38.1,614,1487
desoto,2006 01 08,Female,2.5,48.1,614,1487
desoto,2006 01 08,Female,3.5,45.4,614,1487
desoto,2006 01 08,Female,3.5,43.1,614,1487
desoto,2006 01 08,Female,3.5,46.3,614,1487
desoto,2006 01 08,Female,3.5,43.1,614,1487
desoto,2006 01 08,Female,3.5,51.7,614,1487
desoto,2006 01 08,Female,3.5,42.2,614,1487
desoto,2006 01 08,Male,3.5,64.0,614,1487
desoto,2006 01 08,Female,3.5,55.3,614,1487
desoto,2006 01 08,Female,4.5-5.5,62.1,614,1487
desoto,2006 01 08,Male,4.5-5.5,58.5,614,1487
desoto,2006 01 08,Female,4.5-5.5,54.0,614,1487
desoto,2006 01 08,Female,4.5-5.5,46.3,614,1487
desoto,2006 01 08,Female,4.5-5.5,47.2,614,1487
desoto,2006 01 08,Female,4.5-5.5,45.8,614,1487
desoto,2006 01 08,Female,4.5-5.5,43.1,614,1487
desoto,2006 10 14,Female,0.5,24.0,599,1367
desoto,2006 10 14,Female,0.5,21.8,599,1367
desoto,2006 10 14,Female,0.5,33.6,599,1367
desoto,2006 10 14,Female,0.5,24.9,599,1367
desoto,2006 10 14,Female,0.5,25.4,599,1367
desoto,2006 10 14,Female,0.5,25.9,599,1367
desoto,2006 10 14,Female,0.5,19.1,599,1367
desoto,2006 10 14,Female,0.5,20.9,599,1367
desoto,2006 10 14,Female,0.5,13.6,599,1367
desoto,2006 10 14,Female,0.5,24.5,599,1367
desoto,2006 10 14,Female,0.5,22.2,599,1367
desoto,2006 10 14,Female,0.5,21.3,599,1367
desoto,2006 10 14,Female,0.5,20.0,599,1367
desoto,2006 10 14,Female,0.5,25.4,599,1367
desoto,2006 10 14,Female,0.5,20.9,599,1367
desoto,2006 10 14,Female,0.5,23.1,599,1367
desoto,2006 10 14,Female,0.5,16.8,599,1367
desoto,2006 10 14,Female,0.5,24.9,599,1367
desoto,2006 10 14,Female,0.5,25.9,599,1367
desoto,2006 10 14,Female,0.5,30.8,599,1367
desoto,2006 10 14,Female,0.5,23.1,599,1367
desoto,2006 10 14,Female,0.5,22.2,599,1367
desoto,2006 10 14,Female,0.5,20.9,599,1367
desoto,2006 10 14,Female,0.5,21.3,599,1367
desoto,2006 10 14,Female,0.5,22.2,599,1367
desoto,2006 10 14,Female,0.5,15.4,599,1367
desoto,2006 10 14,Female,0.5,20.4,599,1367
desoto,2006 10 14,Female,0.5,21.8,599,1367
desoto,2006 10 14,Female,0.5,25.4,599,1367
desoto,2006 10 14,Female,0.5,19.5,599,1367
desoto,2006 10 14,Female,0.5,22.2,599,1367
desoto,2006 10 14,Female,0.5,19.1,599,1367
desoto,2006 10 14,Female,0.5,22.7,599,1367
desoto,2006 10 14,Female,0.5,19.1,599,1367
desoto,2006 10 14,Female,0.5,18.1,599,1367
desoto,2006 10 14,Female,0.5,23.6,599,1367
desoto,2006 10 14,Female,0.5,27.2,599,1367
desoto,2006 10 14,Female,0.5,25.9,599,1367
desoto,2006 10 14,Female,0.5,26.8,599,1367
desoto,2006 10 14,Female,0.5,11.3,599,1367
desoto,2006 10 14,Female,0.5,18.1,599,1367
desoto,2006 10 14,Male,0.5,29.5,599,1367
desoto,2006 10 14,Male,0.5,21.8,599,1367
desoto,2006 10 14,Male,0.5,23.1,599,1367
desoto,2006 10 14,Male,0.5,26.3,599,1367
desoto,2006 10 14,Male,0.5,30.4,599,1367
desoto,2006 10 14,Male,0.5,25.9,599,1367
desoto,2006 10 14,Male,0.5,23.1,599,1367
desoto,2006 10 14,Male,0.5,18.1,599,1367
desoto,2006 10 14,Male,0.5,30.4,599,1367
desoto,2006 10 14,Male,0.5,29.0,599,1367
desoto,2006 10 14,Male,0.5,18.1,599,1367
desoto,2006 10 14,Male,0.5,23.1,599,1367
desoto,2006 10 14,Male,0.5,29.9,599,1367
desoto,2006 10 14,Male,0.5,30.8,599,1367
desoto,2006 10 14,Male,0.5,21.8,599,1367
desoto,2006 10 14,Male,0.5,29.0,599,1367
desoto,2006 10 14,Male,0.5,20.9,599,1367
desoto,2006 10 14,Male,0.5,20.9,599,1367
desoto,2006 10 14,Male,0.5,23.1,599,1367
desoto,2006 10 14,Male,0.5,20.4,599,1367
desoto,2006 10 14,Male,0.5,19.1,599,1367
desoto,2006 10 14,Male,0.5,20.4,599,1367
desoto,2006 10 14,Male,0.5,25.9,599,1367
desoto,2006 10 14,Male,0.5,21.3,599,1367
desoto,2006 10 14,Male,0.5,27.7,599,1367
desoto,2006 10 14,Male,0.5,22.2,599,1367
desoto,2006 10 14,Male,0.5,16.8,599,1367
desoto,2006 10 14,Male,0.5,21.3,599,1367
desoto,2006 10 14,Male,0.5,25.4,599,1367
desoto,2006 10 14,Male,0.5,30.4,599,1367
desoto,2006 10 14,Male,0.5,22.7,599,1367
desoto,2006 10 14,Male,0.5,18.1,599,1367
desoto,2006 10 14,Male,0.5,24.0,599,1367
desoto,2006 10 14,Male,0.5,16.8,599,1367
desoto,2006 10 14,Male,0.5,23.1,599,1367
desoto,2006 10 14,Male,0.5,20.4,599,1367
desoto,2006 10 14,Male,0.5,23.6,599,1367
desoto,2006 10 14,Male,0.5,15.9,599,1367
desoto,2006 10 14,Male,0.5,20.9,599,1367
desoto,2006 10 14,Male,0.5,28.6,599,1367
desoto,2006 10 14,Male,0.5,29.5,599,1367
desoto,2006 10 14,Male,0.5,30.8,599,1367
desoto,2006 10 14,Male,0.5,20.9,599,1367
desoto,2006 10 14,Male,0.5,20.4,599,1367
desoto,2006 10 14,Male,0.5,27.2,599,1367
desoto,2006 10 14,Male,0.5,18.1,599,1367
desoto,2006 10 14,Male,0.5,27.2,599,1367
desoto,2006 10 14,Female,1.5,37.2,599,1367
desoto,2006 10 14,Female,1.5,43.1,599,1367
desoto,2006 10 14,Female,1.5,38.1,599,1367
desoto,2006 10 14,Female,1.5,36.7,599,1367
desoto,2006 10 14,Female,1.5,44.0,599,1367
desoto,2006 10 14,Female,1.5,34.5,599,1367
desoto,2006 10 14,Female,1.5,52.2,599,1367
desoto,2006 10 14,Female,1.5,36.3,599,1367
desoto,2006 10 14,Female,1.5,37.6,599,1367
desoto,2006 10 14,Female,1.5,33.1,599,1367
desoto,2006 10 14,Female,1.5,47.6,599,1367
desoto,2006 10 14,Female,1.5,34.0,599,1367
desoto,2006 10 14,Male,1.5,47.6,599,1367
desoto,2006 10 14,Male,1.5,38.1,599,1367
desoto,2006 10 14,Male,1.5,45.4,599,1367
desoto,2006 10 14,Male,1.5,43.5,599,1367
desoto,2006 10 14,Male,1.5,52.6,599,1367
desoto,2006 10 14,Male,1.5,38.6,599,1367
desoto,2006 10 14,Female,2.5,39.0,599,1367
desoto,2006 10 14,Female,2.5,35.4,599,1367
desoto,2006 10 14,Female,2.5,45.4,599,1367
desoto,2006 10 14,Female,2.5,38.6,599,1367
desoto,2006 10 14,Female,2.5,34.9,599,1367
desoto,2006 10 14,Female,2.5,46.3,599,1367
desoto,2006 10 14,Female,2.5,43.1,599,1367
desoto,2006 10 14,Female,2.5,38.1,599,1367
desoto,2006 10 14,Female,2.5,54.4,599,1367
desoto,2006 10 14,Female,2.5,44.9,599,1367
desoto,2006 10 14,Female,2.5,45.4,599,1367
desoto,2006 10 14,Female,2.5,43.5,599,1367
desoto,2006 10 14,Female,2.5,45.4,599,1367
desoto,2006 10 14,Female,2.5,52.2,599,1367
desoto,2006 10 14,Female,2.5,38.6,599,1367
desoto,2006 10 14,Female,2.5,41.7,599,1367
desoto,2006 10 14,Female,2.5,38.1,599,1367
desoto,2006 10 14,Female,2.5,39.0,599,1367
desoto,2006 10 14,Female,3.5,49.9,599,1367
desoto,2006 10 14,Female,3.5,49.4,599,1367
desoto,2006 10 14,Female,3.5,36.3,599,1367
desoto,2006 10 14,Female,3.5,47.6,599,1367
desoto,2006 10 14,Female,3.5,53.5,599,1367
desoto,2006 10 14,Female,3.5,39.5,599,1367
desoto,2006 10 14,Female,4.5-5.5,49.4,599,1367
desoto,2006 10 14,Female,4.5-5.5,45.8,599,1367
desoto,2006 10 14,Female,4.5-5.5,51.7,599,1367
desoto,2006 10 14,Female,4.5-5.5,50.3,599,1367
desoto,2006 10 14,Female,6.5-8.5,54.0,599,1367
desoto,2006 10 14,Female,6.5-8.5,38.1,599,1367
desoto,2006 10 14,Female,9.5+,36.3,599,1367
desoto,2006 10 28,Male,0.5,37.2,599,1367
desoto,2006 10 28,Female,0.5,22.7,599,1367
desoto,2006 10 28,Female,0.5,21.8,599,1367
desoto,2006 10 28,Male,0.5,22.2,599,1367
desoto,2006 10 28,Male,0.5,29.5,599,1367
desoto,2006 10 28,Female,0.5,21.3,599,1367
desoto,2006 10 28,Female,0.5,26.3,599,1367
desoto,2006 10 28,Female,0.5,20.4,599,1367
desoto,2006 10 28,Male,0.5,21.8,599,1367
desoto,2006 10 28,Male,0.5,27.2,599,1367
desoto,2006 10 28,Male,0.5,26.3,599,1367
desoto,2006 10 28,Male,0.5,20.4,599,1367
desoto,2006 10 28,Female,0.5,23.6,599,1367
desoto,2006 10 28,Female,0.5,24.9,599,1367
desoto,2006 10 28,Male,0.5,19.5,599,1367
desoto,2006 10 28,Male,0.5,23.6,599,1367
desoto,2006 10 28,Male,0.5,22.7,599,1367
desoto,2006 10 28,Male,0.5,21.8,599,1367
desoto,2006 10 28,Male,0.5,20.4,599,1367
desoto,2006 10 28,Male,0.5,23.1,599,1367
desoto,2006 10 28,Female,0.5,25.9,599,1367
desoto,2006 10 28,Female,0.5,17.2,599,1367
desoto,2006 10 28,Female,0.5,23.6,599,1367
desoto,2006 10 28,Male,0.5,32.7,599,1367
desoto,2006 10 28,Male,0.5,28.1,599,1367
desoto,2006 10 28,Female,0.5,20.0,599,1367
desoto,2006 10 28,Female,0.5,22.7,599,1367
desoto,2006 10 28,Male,0.5,23.1,599,1367
desoto,2006 10 28,Female,0.5,28.1,599,1367
desoto,2006 10 28,Male,0.5,22.7,599,1367
desoto,2006 10 28,Male,0.5,21.3,599,1367
desoto,2006 10 28,Female,0.5,22.7,599,1367
desoto,2006 10 28,Male,0.5,20.4,599,1367
desoto,2006 10 28,Male,0.5,22.2,599,1367
desoto,2006 10 28,Male,0.5,20.0,599,1367
desoto,2006 10 28,Male,0.5,24.0,599,1367
desoto,2006 10 28,Female,0.5,44.9,599,1367
desoto,2006 10 28,Male,0.5,26.3,599,1367
desoto,2006 10 28,Female,0.5,24.5,599,1367
desoto,2006 10 28,Female,0.5,20.4,599,1367
desoto,2006 10 28,Female,0.5,21.3,599,1367
desoto,2006 10 28,Female,1.5,42.6,599,1367
desoto,2006 10 28,Female,1.5,42.2,599,1367
desoto,2006 10 28,Female,1.5,42.2,599,1367
desoto,2006 10 28,Male,1.5,42.2,599,1367
desoto,2006 10 28,Female,1.5,41.3,599,1367
desoto,2006 10 28,Female,1.5,43.5,599,1367
desoto,2006 10 28,Female,1.5,40.4,599,1367
desoto,2006 10 28,Male,1.5,45.8,599,1367
desoto,2006 10 28,Female,1.5,39.9,599,1367
desoto,2006 10 28,Male,1.5,45.8,599,1367
desoto,2006 10 28,Female,1.5,43.1,599,1367
desoto,2006 10 28,Female,1.5,44.0,599,1367
desoto,2006 10 28,Female,2.5,41.7,599,1367
desoto,2006 10 28,Female,2.5,41.7,599,1367
desoto,2006 10 28,Female,2.5,42.6,599,1367
desoto,2006 10 28,Female,2.5,41.7,599,1367
desoto,2006 10 28,Female,2.5,48.1,599,1367
desoto,2006 10 28,Female,2.5,44.9,599,1367
desoto,2006 10 28,Female,2.5,47.2,599,1367
desoto,2006 10 28,Female,2.5,46.7,599,1367
desoto,2006 10 28,Female,2.5,53.1,599,1367
desoto,2006 10 28,Female,2.5,49.4,599,1367
desoto,2006 10 28,Female,2.5,45.4,599,1367
desoto,2006 10 28,Female,3.5,44.0,599,1367
desoto,2006 10 28,Female,3.5,44.0,599,1367
desoto,2006 10 28,Female,3.5,44.0,599,1367
desoto,2006 10 28,Female,3.5,49.9,599,1367
desoto,2006 10 28,Female,3.5,49.9,599,1367
desoto,2006 10 28,Female,3.5,46.3,599,1367
desoto,2006 10 28,Female,3.5,48.1,599,1367
desoto,2006 10 28,Female,3.5,49.0,599,1367
desoto,2006 10 28,Female,3.5,54.4,599,1367
desoto,2006 10 28,Female,3.5,47.2,599,1367
desoto,2006 10 28,Female,3.5,45.8,599,1367
desoto,2006 10 28,Female,3.5,44.5,599,1367
desoto,2006 10 28,Female,3.5,42.2,599,1367
desoto,2006 10 28,Female,4.5-5.5,50.8,599,1367
desoto,2006 10 28,Female,4.5-5.5,55.8,599,1367
desoto,2006 10 28,Female,4.5-5.5,51.7,599,1367
desoto,2006 10 28,Female,4.5-5.5,46.7,599,1367
desoto,2006 10 28,Female,6.5-8.5,44.5,599,1367
desoto,2006 10 28,Female,6.5-8.5,51.3,599,1367
desoto,2006 10 28,Female,6.5-8.5,56.7,599,1367
desoto,2006 10 29,Female,0.5,18.6,599,1367
desoto,2006 10 29,Male,0.5,16.8,599,1367
desoto,2006 10 29,Female,0.5,21.3,599,1367
desoto,2006 10 29,Male,0.5,21.8,599,1367
desoto,2006 10 29,Male,0.5,29.9,599,1367
desoto,2006 10 29,Male,0.5,22.7,599,1367
desoto,2006 10 29,Female,0.5,28.6,599,1367
desoto,2006 10 29,Female,0.5,24.9,599,1367
desoto,2006 10 29,Male,0.5,24.9,599,1367
desoto,2006 10 29,Male,0.5,19.1,599,1367
desoto,2006 10 29,Male,0.5,26.3,599,1367
desoto,2006 10 29,Male,0.5,28.6,599,1367
desoto,2006 10 29,Female,0.5,23.1,599,1367
desoto,2006 10 29,Male,0.5,27.2,599,1367
desoto,2006 10 29,Male,0.5,27.7,599,1367
desoto,2006 10 29,Male,0.5,21.3,599,1367
desoto,2006 10 29,Male,0.5,25.4,599,1367
desoto,2006 10 29,Male,0.5,26.3,599,1367
desoto,2006 10 29,Female,1.5,47.6,599,1367
desoto,2006 10 29,Male,1.5,54.4,599,1367
desoto,2006 10 29,Female,1.5,35.8,599,1367
desoto,2006 10 29,Female,1.5,42.6,599,1367
desoto,2006 10 29,Female,1.5,40.8,599,1367
desoto,2006 10 29,Female,1.5,43.5,599,1367
desoto,2006 10 29,Female,1.5,44.9,599,1367
desoto,2006 10 29,Female,1.5,41.7,599,1367
desoto,2006 10 29,Female,1.5,45.8,599,1367
desoto,2006 10 29,Female,1.5,35.4,599,1367
desoto,2006 10 29,Female,1.5,41.7,599,1367
desoto,2006 10 29,Male,1.5,50.8,599,1367
desoto,2006 10 29,Female,1.5,45.4,599,1367
desoto,2006 10 29,Female,1.5,39.5,599,1367
desoto,2006 10 29,Female,2.5,49.4,599,1367
desoto,2006 10 29,Female,2.5,44.0,599,1367
desoto,2006 10 29,Female,2.5,43.5,599,1367
desoto,2006 10 29,Female,3.5,62.1,599,1367
desoto,2006 10 29,Female,3.5,52.6,599,1367
desoto,2006 10 29,Female,3.5,48.1,599,1367
desoto,2006 10 29,Female,3.5,52.2,599,1367
desoto,2006 10 29,Female,3.5,45.8,599,1367
desoto,2006 10 29,Female,4.5-5.5,55.3,599,1367
desoto,2006 10 29,Female,4.5-5.5,53.5,599,1367
desoto,2006 10 29,Female,6.5-8.5,56.7,599,1367
desoto,2006 10 29,Female,6.5-8.5,52.6,599,1367
desoto,2006 12 09,Male,0.5,45.4,599,1367
desoto,2006 12 09,Female,0.5,24.9,599,1367
desoto,2006 12 09,Male,0.5,28.1,599,1367
desoto,2006 12 09,Male,3.5,62.6,599,1367
desoto,2006 12 09,Male,1.5,42.2,599,1367
desoto,2006 12 09,Male,1.5,56.7,599,1367
desoto,2006 12 09,Male,1.5,56.7,599,1367
desoto,2006 12 09,Male,1.5,40.4,599,1367
desoto,2006 12 09,Male,2.5,60.8,599,1367
desoto,2006 12 09,Male,2.5,73.5,599,1367
desoto,2006 12 09,Male,2.5,59.4,599,1367
desoto,2006 12 09,Male,2.5,59.9,599,1367
desoto,2006 12 09,Male,2.5,57.6,599,1367
desoto,2006 12 09,Female,2.5,49.0,599,1367
desoto,2006 12 09,Male,2.5,57.6,599,1367
desoto,2006 12 09,Female,2.5,40.8,599,1367
desoto,2006 12 09,Male,2.5,68.0,599,1367
desoto,2006 12 09,Male,2.5,62.6,599,1367
desoto,2006 12 09,Male,3.5,77.6,599,1367
desoto,2006 12 09,Male,3.5,68.0,599,1367
desoto,2006 12 09,Male,3.5,71.2,599,1367
desoto,2006 12 09,Female,3.5,43.5,599,1367
desoto,2006 12 09,Male,3.5,65.8,599,1367
desoto,2006 12 09,Male,3.5,65.8,599,1367
desoto,2006 12 09,Male,3.5,70.3,599,1367
desoto,2006 12 09,Male,3.5,62.1,599,1367
desoto,2006 12 09,Male,3.5,71.7,599,1367
desoto,2006 12 09,Female,3.5,59.4,599,1367
desoto,2006 12 09,Male,3.5,69.4,599,1367
desoto,2006 12 09,Male,4.5-5.5,82.1,599,1367
desoto,2006 12 09,Male,4.5-5.5,73.9,599,1367
desoto,2006 12 09,Male,4.5-5.5,78.5,599,1367
desoto,2006 12 09,Male,4.5-5.5,78.9,599,1367
desoto,2006 12 09,Male,4.5-5.5,80.3,599,1367
desoto,2006 12 09,Female,4.5-5.5,47.2,599,1367
desoto,2006 12 09,Female,4.5-5.5,49.9,599,1367
desoto,2006 12 09,Male,4.5-5.5,88.0,599,1367
desoto,2006 12 09,Male,4.5-5.5,88.0,599,1367
desoto,2006 12 09,Male,4.5-5.5,78.5,599,1367
desoto,2006 12 09,Male,6.5-8.5,68.5,599,1367
desoto,2006 12 10,Female,0.5,22.7,599,1367
desoto,2006 12 10,Female,0.5,32.7,599,1367
desoto,2006 12 10,Male,0.5,27.7,599,1367
desoto,2006 12 10,Male,0.5,34.5,599,1367
desoto,2006 12 10,Male,0.5,27.2,599,1367
desoto,2006 12 10,Female,0.5,26.3,599,1367
desoto,2006 12 10,Female,0.5,26.8,599,1367
desoto,2006 12 10,Male,0.5,28.1,599,1367
desoto,2006 12 10,Male,0.5,30.8,599,1367
desoto,2006 12 10,Male,0.5,21.8,599,1367
desoto,2006 12 10,Male,0.5,24.5,599,1367
desoto,2006 12 10,Female,0.5,23.1,599,1367
desoto,2006 12 10,Male,0.5,24.9,599,1367
desoto,2006 12 10,Male,1.5,54.9,599,1367
desoto,2006 12 10,Female,1.5,37.2,599,1367
desoto,2006 12 10,Male,1.5,54.4,599,1367
desoto,2006 12 10,Female,1.5,38.1,599,1367
desoto,2006 12 10,Male,1.5,54.9,599,1367
desoto,2006 12 10,Female,1.5,54.0,599,1367
desoto,2006 12 10,Female,1.5,45.4,599,1367
desoto,2006 12 10,Female,1.5,50.3,599,1367
desoto,2006 12 10,Male,1.5,48.1,599,1367
desoto,2006 12 10,Male,2.5,53.5,599,1367
desoto,2006 12 10,Female,2.5,45.8,599,1367
desoto,2006 12 10,Male,2.5,66.2,599,1367
desoto,2006 12 10,Female,2.5,37.6,599,1367
desoto,2006 12 10,Female,2.5,49.4,599,1367
desoto,2006 12 10,Male,2.5,67.6,599,1367
desoto,2006 12 10,Male,2.5,56.7,599,1367
desoto,2006 12 10,Male,2.5,57.2,599,1367
desoto,2006 12 10,Male,3.5,60.3,599,1367
desoto,2006 12 10,Male,3.5,90.7,599,1367
desoto,2006 12 10,Male,3.5,83.0,599,1367
desoto,2006 12 10,Male,3.5,68.0,599,1367
desoto,2006 12 10,Male,3.5,62.1,599,1367
desoto,2006 12 10,Male,3.5,73.5,599,1367
desoto,2006 12 10,Male,3.5,74.8,599,1367
desoto,2006 12 10,Male,3.5,78.0,599,1367
desoto,2006 12 10,Female,3.5,59.0,599,1367
desoto,2006 12 10,Female,4.5-5.5,53.5,599,1367
desoto,2006 12 10,Male,4.5-5.5,81.6,599,1367
desoto,2006 12 10,Male,4.5-5.5,74.8,599,1367
desoto,2007 01 06,Female,0.5,27.2,599,1367
desoto,2007 01 06,Female,0.5,24.9,599,1367
desoto,2007 01 06,Female,0.5,25.9,599,1367
desoto,2007 01 06,Male,0.5,28.1,599,1367
desoto,2007 01 06,Male,0.5,31.8,599,1367
desoto,2007 01 06,Female,0.5,34.9,599,1367
desoto,2007 01 06,Female,0.5,31.8,599,1367
desoto,2007 01 06,Male,0.5,30.4,599,1367
desoto,2007 01 06,Male,0.5,24.9,599,1367
desoto,2007 01 06,Male,0.5,29.5,599,1367
desoto,2007 01 06,Male,0.5,29.9,599,1367
desoto,2007 01 06,Female,0.5,24.9,599,1367
desoto,2007 01 06,Male,0.5,27.7,599,1367
desoto,2007 01 06,Male,0.5,33.1,599,1367
desoto,2007 01 06,Male,0.5,39.0,599,1367
desoto,2007 01 06,Male,0.5,43.1,599,1367
desoto,2007 01 06,Male,0.5,31.8,599,1367
desoto,2007 01 06,Female,0.5,27.7,599,1367
desoto,2007 01 06,Female,0.5,25.9,599,1367
desoto,2007 01 06,Male,0.5,22.7,599,1367
desoto,2007 01 06,Male,0.5,31.8,599,1367
desoto,2007 01 06,Female,0.5,24.0,599,1367
desoto,2007 01 06,Female,0.5,29.0,599,1367
desoto,2007 01 06,Female,0.5,24.9,599,1367
desoto,2007 01 06,Female,0.5,23.1,599,1367
desoto,2007 01 06,Female,0.5,26.8,599,1367
desoto,2007 01 06,Female,0.5,26.3,599,1367
desoto,2007 01 06,Female,0.5,21.3,599,1367
desoto,2007 01 06,Male,0.5,36.3,599,1367
desoto,2007 01 06,Male,0.5,29.9,599,1367
desoto,2007 01 06,Male,0.5,23.1,599,1367
desoto,2007 01 06,Female,0.5,35.8,599,1367
desoto,2007 01 06,Female,0.5,32.7,599,1367
desoto,2007 01 06,Female,0.5,20.4,599,1367
desoto,2007 01 06,Male,0.5,34.0,599,1367
desoto,2007 01 06,Male,0.5,31.8,599,1367
desoto,2007 01 06,Male,0.5,26.8,599,1367
desoto,2007 01 06,Male,0.5,34.0,599,1367
desoto,2007 01 06,Male,0.5,20.0,599,1367
desoto,2007 01 06,Female,0.5,20.4,599,1367
desoto,2007 01 06,Female,0.5,26.3,599,1367
desoto,2007 01 06,Female,0.5,20.9,599,1367
desoto,2007 01 06,Male,0.5,20.9,599,1367
desoto,2007 01 06,Male,0.5,28.1,599,1367
desoto,2007 01 06,Male,0.5,34.9,599,1367
desoto,2007 01 06,Female,0.5,26.8,599,1367
desoto,2007 01 06,Male,0.5,29.5,599,1367
desoto,2007 01 06,Male,0.5,25.4,599,1367
desoto,2007 01 06,Female,0.5,21.8,599,1367
desoto,2007 01 06,Female,0.5,33.1,599,1367
desoto,2007 01 06,Male,0.5,31.3,599,1367
desoto,2007 01 06,Female,1.5,29.9,599,1367
desoto,2007 01 06,Female,1.5,38.6,599,1367
desoto,2007 01 06,Female,1.5,41.3,599,1367
desoto,2007 01 06,Female,1.5,39.5,599,1367
desoto,2007 01 06,Male,1.5,45.4,599,1367
desoto,2007 01 06,Male,1.5,39.9,599,1367
desoto,2007 01 06,Female,1.5,38.6,599,1367
desoto,2007 01 06,Female,1.5,44.9,599,1367
desoto,2007 01 06,Female,1.5,49.9,599,1367
desoto,2007 01 06,Female,1.5,49.9,599,1367
desoto,2007 01 06,Female,1.5,37.2,599,1367
desoto,2007 01 06,Female,1.5,36.3,599,1367
desoto,2007 01 06,Female,1.5,33.1,599,1367
desoto,2007 01 06,Female,1.5,34.9,599,1367
desoto,2007 01 06,Female,1.5,31.8,599,1367
desoto,2007 01 06,Female,1.5,45.8,599,1367
desoto,2007 01 06,Female,1.5,43.1,599,1367
desoto,2007 01 06,Female,1.5,42.6,599,1367
desoto,2007 01 06,Female,1.5,39.5,599,1367
desoto,2007 01 06,Female,1.5,43.5,599,1367
desoto,2007 01 06,Female,1.5,41.7,599,1367
desoto,2007 01 06,Female,1.5,39.5,599,1367
desoto,2007 01 06,Female,1.5,44.5,599,1367
desoto,2007 01 06,Female,2.5,44.0,599,1367
desoto,2007 01 06,Female,2.5,45.4,599,1367
desoto,2007 01 06,Male,2.5,59.4,599,1367
desoto,2007 01 06,Female,2.5,53.1,599,1367
desoto,2007 01 06,Female,2.5,56.7,599,1367
desoto,2007 01 06,Female,2.5,49.4,599,1367
desoto,2007 01 06,Female,2.5,39.5,599,1367
desoto,2007 01 06,Female,2.5,44.9,599,1367
desoto,2007 01 06,Female,2.5,38.6,599,1367
desoto,2007 01 06,Female,2.5,60.3,599,1367
desoto,2007 01 06,Female,2.5,49.4,599,1367
desoto,2007 01 06,Female,2.5,49.4,599,1367
desoto,2007 01 06,Female,2.5,38.6,599,1367
desoto,2007 01 06,Female,2.5,45.4,599,1367
desoto,2007 01 06,Female,2.5,41.3,599,1367
desoto,2007 01 06,Male,2.5,47.2,599,1367
desoto,2007 01 06,Female,2.5,47.6,599,1367
desoto,2007 01 06,Female,2.5,41.3,599,1367
desoto,2007 01 06,Female,2.5,46.7,599,1367
desoto,2007 01 06,Female,2.5,39.0,599,1367
desoto,2007 01 06,Female,2.5,43.5,599,1367
desoto,2007 01 06,Female,3.5,45.4,599,1367
desoto,2007 01 06,Female,3.5,44.0,599,1367
desoto,2007 01 06,Female,3.5,52.2,599,1367
desoto,2007 01 06,Female,3.5,45.8,599,1367
desoto,2007 01 06,Female,4.5-5.5,46.7,599,1367
desoto,2007 01 06,Female,4.5-5.5,47.6,599,1367
desoto,2007 01 06,Female,4.5-5.5,51.3,599,1367
desoto,2007 01 06,Female,4.5-5.5,46.3,599,1367
desoto,2007 01 06,Female,4.5-5.5,46.7,599,1367
desoto,2007 01 06,Female,4.5-5.5,39.9,599,1367
desoto,2007 01 06,Female,4.5-5.5,51.3,599,1367
desoto,2007 01 06,Female,4.5-5.5,49.4,599,1367
desoto,2007 01 06,Female,4.5-5.5,48.1,599,1367
desoto,2007 01 06,Female,4.5-5.5,46.3,599,1367
desoto,2007 01 06,Female,4.5-5.5,44.5,599,1367
desoto,2007 01 06,Female,4.5-5.5,52.6,599,1367
desoto,2007 01 06,Female,4.5-5.5,55.8,599,1367
desoto,2007 01 06,Female,4.5-5.5,43.5,599,1367
desoto,2007 01 06,Female,6.5-8.5,54.4,599,1367
desoto,2007 01 06,Female,6.5-8.5,49.4,599,1367
desoto,2007 01 06,Female,6.5-8.5,52.2,599,1367
desoto,2007 01 06,Female,6.5-8.5,49.9,599,1367
desoto,2007 01 06,Female,6.5-8.5,52.2,599,1367
desoto,2007 01 06,Female,6.5-8.5,39.9,599,1367
desoto,2007 01 07,Male,0.5,33.1,599,1367
desoto,2007 01 07,Female,0.5,28.6,599,1367
desoto,2007 01 07,Female,0.5,24.0,599,1367
desoto,2007 01 07,Male,0.5,33.6,599,1367
desoto,2007 01 07,Male,0.5,30.4,599,1367
desoto,2007 01 07,Male,0.5,30.4,599,1367
desoto,2007 01 07,Female,0.5,18.6,599,1367
desoto,2007 01 07,Male,0.5,25.4,599,1367
desoto,2007 01 07,Male,0.5,27.7,599,1367
desoto,2007 01 07,Male,0.5,28.6,599,1367
desoto,2007 01 07,Male,0.5,30.4,599,1367
desoto,2007 01 07,Male,0.5,28.1,599,1367
desoto,2007 01 07,Female,1.5,44.9,599,1367
desoto,2007 01 07,Female,1.5,46.3,599,1367
desoto,2007 01 07,Female,1.5,43.5,599,1367
desoto,2007 01 07,Male,1.5,51.7,599,1367
desoto,2007 01 07,Female,1.5,36.7,599,1367
desoto,2007 01 07,Male,1.5,43.1,599,1367
desoto,2007 01 07,Female,2.5,48.1,599,1367
desoto,2007 01 07,Female,2.5,44.0,599,1367
desoto,2007 01 07,Female,2.5,43.5,599,1367
desoto,2007 01 07,Female,2.5,40.8,599,1367
desoto,2007 01 07,Female,2.5,47.2,599,1367
desoto,2007 01 07,Female,2.5,35.4,599,1367
desoto,2007 01 07,Female,2.5,45.4,599,1367
desoto,2007 01 07,Female,2.5,49.0,599,1367
desoto,2007 01 07,Female,2.5,36.7,599,1367
desoto,2007 01 07,Female,2.5,40.4,599,1367
desoto,2007 01 07,Female,3.5,48.5,599,1367
desoto,2007 01 07,Female,4.5-5.5,56.2,599,1367
desoto,2007 01 07,Female,4.5-5.5,46.7,599,1367
desoto,2007 01 07,Female,4.5-5.5,40.4,599,1367
desoto,2007 01 07,Female,4.5-5.5,49.4,599,1367
desoto,2007 01 07,Female,6.5-8.5,52.6,599,1367
desoto,2007 01 07,Female,6.5-8.5,43.1,599,1367
desoto,2007 01 07,Female,6.5-8.5,45.4,599,1367
desoto,2009 10 17,Male,0.5,28.6,437,1071
desoto,2009 10 17,Male,0.5,20.9,437,1071
desoto,2009 10 17,Male,0.5,26.8,437,1071
desoto,2009 10 17,Male,0.5,25.4,437,1071
desoto,2009 10 17,Female,0.5,21.3,437,1071
desoto,2009 10 17,Female,0.5,17.7,437,1071
desoto,2009 10 17,Male,0.5,19.5,437,1071
desoto,2009 10 17,Male,0.5,28.6,437,1071
desoto,2009 10 17,Female,0.5,20.4,437,1071
desoto,2009 10 17,Male,0.5,22.7,437,1071
desoto,2009 10 17,Female,0.5,16.3,437,1071
desoto,2009 10 17,Female,0.5,24.0,437,1071
desoto,2009 10 17,Female,0.5,21.8,437,1071
desoto,2009 10 17,Male,0.5,24.5,437,1071
desoto,2009 10 17,Female,0.5,21.3,437,1071
desoto,2009 10 17,Male,0.5,19.5,437,1071
desoto,2009 10 17,Male,0.5,20.9,437,1071
desoto,2009 10 17,Male,0.5,22.7,437,1071
desoto,2009 10 17,Male,0.5,20.4,437,1071
desoto,2009 10 17,Female,0.5,20.4,437,1071
desoto,2009 10 17,Female,0.5,24.5,437,1071
desoto,2009 10 17,Female,0.5,23.6,437,1071
desoto,2009 10 17,Female,0.5,24.9,437,1071
desoto,2009 10 17,Female,0.5,20.4,437,1071
desoto,2009 10 17,Male,0.5,32.7,437,1071
desoto,2009 10 17,Female,0.5,20.4,437,1071
desoto,2009 10 17,Male,0.5,21.8,437,1071
desoto,2009 10 17,Male,0.5,33.6,437,1071
desoto,2009 10 17,Female,0.5,20.0,437,1071
desoto,2009 10 17,Female,0.5,43.5,437,1071
desoto,2009 10 17,Female,0.5,20.9,437,1071
desoto,2009 10 17,Female,0.5,24.0,437,1071
desoto,2009 10 17,Female,1.5,38.1,437,1071
desoto,2009 10 17,Female,1.5,44.5,437,1071
desoto,2009 10 17,Female,1.5,40.8,437,1071
desoto,2009 10 17,Female,1.5,36.3,437,1071
desoto,2009 10 17,Female,1.5,37.6,437,1071
desoto,2009 10 17,Female,1.5,34.5,437,1071
desoto,2009 10 17,Male,1.5,38.6,437,1071
desoto,2009 10 17,Female,1.5,39.9,437,1071
desoto,2009 10 17,Female,1.5,41.3,437,1071
desoto,2009 10 17,Female,1.5,43.1,437,1071
desoto,2009 10 17,Female,1.5,45.4,437,1071
desoto,2009 10 17,Female,1.5,42.2,437,1071
desoto,2009 10 17,Female,1.5,47.2,437,1071
desoto,2009 10 17,Female,2.5,38.6,437,1071
desoto,2009 10 17,Female,2.5,45.8,437,1071
desoto,2009 10 17,Female,2.5,37.2,437,1071
desoto,2009 10 17,Female,2.5,34.9,437,1071
desoto,2009 10 17,Female,2.5,49.9,437,1071
desoto,2009 10 17,Female,2.5,48.5,437,1071
desoto,2009 10 17,Female,2.5,36.3,437,1071
desoto,2009 10 17,Female,2.5,51.7,437,1071
desoto,2009 10 17,Female,3.5,34.9,437,1071
desoto,2009 10 17,Female,3.5,42.2,437,1071
desoto,2009 10 17,Female,4.5-5.5,54.4,437,1071
desoto,2009 10 17,Female,4.5-5.5,48.1,437,1071
desoto,2009 10 17,Female,6.5-8.5,44.9,437,1071
desoto,2009 10 17,Female,9.5+,43.1,437,1071
desoto,2009 10 17,Female,9.5+,42.2,437,1071
desoto,2009 10 18,Male,0.5,22.2,437,1071
desoto,2009 10 18,Male,0.5,27.2,437,1071
desoto,2009 10 18,Female,1.5,40.4,437,1071
desoto,2009 10 18,Male,1.5,46.7,437,1071
desoto,2009 10 18,Female,2.5,42.2,437,1071
desoto,2009 10 18,Female,2.5,49.4,437,1071
desoto,2009 10 18,Female,3.5,47.2,437,1071
desoto,2009 10 18,Female,3.5,55.3,437,1071
desoto,2009 10 18,Female,4.5-5.5,48.5,437,1071
desoto,2009 12 19,Female,0.5,25.9,437,1071
desoto,2009 12 19,Female,0.5,27.7,437,1071
desoto,2009 12 19,Male,0.5,29.5,437,1071
desoto,2009 12 19,Female,0.5,22.2,437,1071
desoto,2009 12 19,Female,0.5,30.4,437,1071
desoto,2009 12 19,Female,0.5,27.2,437,1071
desoto,2009 12 19,Female,1.5,42.2,437,1071
desoto,2009 12 19,Male,1.5,53.5,437,1071
desoto,2009 12 19,Male,2.5,59.0,437,1071
desoto,2009 12 19,Female,2.5,44.0,437,1071
desoto,2009 12 19,Female,2.5,56.7,437,1071
desoto,2009 12 19,Male,2.5,62.6,437,1071
desoto,2009 12 19,Female,2.5,48.1,437,1071
desoto,2009 12 19,Female,2.5,47.6,437,1071
desoto,2009 12 19,Male,3.5,76.2,437,1071
desoto,2009 12 19,Male,3.5,61.2,437,1071
desoto,2009 12 19,Male,3.5,62.6,437,1071
desoto,2009 12 19,Female,3.5,55.8,437,1071
desoto,2009 12 19,Male,3.5,64.9,437,1071
desoto,2009 12 19,Male,3.5,57.2,437,1071
desoto,2009 12 19,Male,3.5,62.6,437,1071
desoto,2009 12 19,Female,3.5,44.9,437,1071
desoto,2009 12 19,Male,3.5,69.4,437,1071
desoto,2009 12 19,Male,3.5,74.8,437,1071
desoto,2009 12 19,Female,3.5,41.7,437,1071
desoto,2009 12 19,Male,4.5-5.5,97.1,437,1071
desoto,2009 12 19,Male,4.5-5.5,88.5,437,1071
desoto,2009 12 19,Male,4.5-5.5,86.6,437,1071
desoto,2009 12 19,Male,4.5-5.5,74.4,437,1071
desoto,2009 12 19,Female,4.5-5.5,44.0,437,1071
desoto,2009 12 19,Male,4.5-5.5,66.7,437,1071
desoto,2009 12 19,Female,4.5-5.5,58.1,437,1071
desoto,2009 12 19,Male,4.5-5.5,84.8,437,1071
desoto,2009 12 19,Male,6.5-8.5,71.2,437,1071
desoto,2009 12 19,Female,6.5-8.5,52.6,437,1071
desoto,2009 12 19,Female,6.5-8.5,47.6,437,1071
desoto,2009 12 20,Female,0.5,24.0,437,1071
desoto,2009 12 20,Female,0.5,30.8,437,1071
desoto,2009 12 20,Female,1.5,46.3,437,1071
desoto,2009 12 20,Female,1.5,44.0,437,1071
desoto,2009 12 20,Female,1.5,48.1,437,1071
desoto,2009 12 20,Female,1.5,36.3,437,1071
desoto,2009 12 20,Female,1.5,52.2,437,1071
desoto,2009 12 20,Male,2.5,58.1,437,1071
desoto,2009 12 20,Male,2.5,63.0,437,1071
desoto,2009 12 20,Male,2.5,52.6,437,1071
desoto,2009 12 20,Female,2.5,41.3,437,1071
desoto,2009 12 20,Male,2.5,60.8,437,1071
desoto,2009 12 20,Male,3.5,62.6,437,1071
desoto,2009 12 20,Male,3.5,64.4,437,1071
desoto,2009 12 20,Male,3.5,62.6,437,1071
desoto,2009 12 20,Male,3.5,69.9,437,1071
desoto,2009 12 20,Male,3.5,62.1,437,1071
desoto,2009 12 20,Male,3.5,63.5,437,1071
desoto,2009 12 20,Male,3.5,68.5,437,1071
desoto,2009 12 20,Male,3.5,71.7,437,1071
desoto,2009 12 20,Male,3.5,70.8,437,1071
desoto,2009 12 20,Male,3.5,62.6,437,1071
desoto,2009 12 20,Male,3.5,73.5,437,1071
desoto,2009 12 20,Female,3.5,42.6,437,1071
desoto,2009 12 20,Female,4.5-5.5,49.9,437,1071
desoto,2009 12 20,Female,4.5-5.5,43.1,437,1071
desoto,2009 12 20,Female,4.5-5.5,46.7,437,1071
desoto,2009 12 20,Male,4.5-5.5,53.1,437,1071
desoto,2009 12 20,Male,4.5-5.5,75.3,437,1071
desoto,2009 12 20,Male,4.5-5.5,70.3,437,1071
desoto,2009 12 20,Female,4.5-5.5,55.3,437,1071
desoto,2010 01 02,Male,0.5,20.0,437,1071
desoto,2010 01 02,Male,0.5,30.8,437,1071
desoto,2010 01 02,Female,0.5,29.5,437,1071
desoto,2010 01 02,Female,0.5,22.2,437,1071
desoto,2010 01 02,Female,0.5,29.5,437,1071
desoto,2010 01 02,Female,0.5,30.4,437,1071
desoto,2010 01 02,Female,0.5,26.3,437,1071
desoto,2010 01 02,Female,0.5,25.9,437,1071
desoto,2010 01 02,Male,0.5,19.5,437,1071
desoto,2010 01 02,Male,0.5,24.5,437,1071
desoto,2010 01 02,Male,0.5,34.9,437,1071
desoto,2010 01 02,Female,0.5,24.0,437,1071
desoto,2010 01 02,Male,0.5,38.6,437,1071
desoto,2010 01 02,Female,0.5,27.7,437,1071
desoto,2010 01 02,Male,0.5,26.8,437,1071
desoto,2010 01 02,Female,1.5,44.0,437,1071
desoto,2010 01 02,Male,1.5,54.4,437,1071
desoto,2010 01 02,Female,1.5,43.5,437,1071
desoto,2010 01 02,Female,1.5,38.6,437,1071
desoto,2010 01 02,Female,1.5,43.5,437,1071
desoto,2010 01 02,Female,1.5,43.1,437,1071
desoto,2010 01 02,Female,1.5,47.6,437,1071
desoto,2010 01 02,Female,1.5,44.0,437,1071
desoto,2010 01 02,Female,2.5,46.3,437,1071
desoto,2010 01 02,Female,2.5,46.7,437,1071
desoto,2010 01 02,Female,2.5,48.1,437,1071
desoto,2010 01 02,Female,2.5,54.9,437,1071
desoto,2010 01 02,Female,2.5,41.7,437,1071
desoto,2010 01 02,Female,2.5,41.3,437,1071
desoto,2010 01 02,Female,3.5,56.2,437,1071
desoto,2010 01 02,Female,3.5,45.8,437,1071
desoto,2010 01 02,Female,3.5,47.6,437,1071
desoto,2010 01 02,Female,3.5,46.7,437,1071
desoto,2010 01 02,Female,3.5,54.4,437,1071
desoto,2010 01 02,Female,4.5-5.5,53.5,437,1071
desoto,2010 01 03,Male,0.5,20.0,437,1071
desoto,2010 01 03,Male,0.5,29.9,437,1071
desoto,2010 01 03,Female,1.5,41.3,437,1071
desoto,2010 01 03,Female,1.5,40.8,437,1071
desoto,2010 01 03,Female,3.5,53.5,437,1071
desoto,2010 01 03,Female,3.5,54.4,437,1071
desoto,2010 01 03,Female,3.5,55.8,437,1071
desoto,2010 01 03,Female,4.5-5.5,57.2,437,1071