"","BASIN","PROG_CODE","SITE_NAME","COL_DATE","COL_TIME","Lat","Long","huc08","dt","year","Total_N"
"1","SMOKY-SALINE RIVER BASIN","SC","SC007","1/26/15",1306,38.77674,-98.854719,10260006,4106.17644675926,2015,2.85
"2","SMOKY-SALINE RIVER BASIN","SC","SC007","4/6/15",1248,38.77674,-98.854719,10260006,4176.16394675926,2015,1.775
"3","SMOKY-SALINE RIVER BASIN","SC","SC007","7/6/15",1310,38.77674,-98.854719,10260006,4267.17922453704,2015,1.735
"4","SMOKY-SALINE RIVER BASIN","SC","SC007","10/5/15",1353,38.77674,-98.854719,10260006,4358.20908564815,2015,0.805
"5","SMOKY-SALINE RIVER BASIN","SC","SC011","1/28/15",1004,38.970648,-98.815197,10260009,4108.05005787037,2015,0.455
"6","SMOKY-SALINE RIVER BASIN","SC","SC011","4/8/15",939,38.970648,-98.815197,10260009,4178.03269675926,2015,0.895
"7","SMOKY-SALINE RIVER BASIN","SC","SC011","7/8/15",1011,38.970648,-98.815197,10260009,4269.05491898148,2015,1.045
"8","SMOKY-SALINE RIVER BASIN","SC","SC011","7/8/15",1016,38.970648,-98.815197,10260009,4269.0583912037,2015,0.925
"9","SMOKY-SALINE RIVER BASIN","SC","SC011","10/7/15",953,38.970648,-98.815197,10260009,4360.04241898148,2015,1.005
"10","SMOKY-SALINE RIVER BASIN","SC","SC011","10/7/15",958,38.970648,-98.815197,10260009,4360.0458912037,2015,1.035
"11","SOLOMON RIVER BASIN","SC","SC014","1/27/15",1132,39.55428,-98.69211,10260012,4107.11116898148,2015,1.935
"12","SOLOMON RIVER BASIN","SC","SC014","4/7/15",1133,39.55428,-98.69211,10260012,4177.11186342593,2015,1.885
"13","SOLOMON RIVER BASIN","SC","SC014","7/7/15",1236,39.55428,-98.69211,10260012,4268.15561342593,2015,1.801
"14","SOLOMON RIVER BASIN","SC","SC014","10/6/15",1033,39.55428,-98.69211,10260012,4359.07019675926,2015,2.035
"15","LOWER ARKANSAS RIVER BASIN","SC","SC030","2/9/15",1227,38.229227,-98.41761,11030009,4120.14936342593,2015,0.995
"16","LOWER ARKANSAS RIVER BASIN","SC","SC030","5/4/15",1247,38.229227,-98.41761,11030009,4204.16325231481,2015,2.275
"17","LOWER ARKANSAS RIVER BASIN","SC","SC030","8/10/15",1245,38.229227,-98.41761,11030009,4302.16186342593,2015,1.095
"18","LOWER ARKANSAS RIVER BASIN","SC","SC030","11/2/15",1318,38.229227,-98.41761,11030009,4386.18478009259,2015,0.685
"19","LOWER ARKANSAS RIVER BASIN","SC","SC036","2/9/15",1510,37.56174,-97.853599,11030015,4120.26255787037,2015,2.935
"20","LOWER ARKANSAS RIVER BASIN","SC","SC036","5/4/15",1612,37.56174,-97.853599,11030015,4204.30561342593,2015,2.085
"21","LOWER ARKANSAS RIVER BASIN","SC","SC036","8/10/15",1541,37.56174,-97.853599,11030015,4302.28408564815,2015,2.085
"22","LOWER ARKANSAS RIVER BASIN","SC","SC036","11/2/15",1623,37.56174,-97.853599,11030015,4386.31325231482,2015,2.24
"23","WALNUT RIVER BASIN","SC","SC038","2/17/15",1048,37.79636,-97.01325,11030017,4128.08061342593,2015,0.855
"24","WALNUT RIVER BASIN","SC","SC038","5/11/15",1044,37.79636,-97.01325,11030017,4211.07783564815,2015,4.18
"25","WALNUT RIVER BASIN","SC","SC038","8/17/15",949,37.79636,-97.01325,11030017,4309.0396412037,2015,1.825
"26","WALNUT RIVER BASIN","SC","SC038","11/23/15",945,37.79636,-97.01325,11030017,4407.03686342593,2015,1.575
"27","NEOSHO RIVER BASIN","SC","SC098","3/17/15",931,38.083685,-95.655809,11070204,4156.0271412037,2015,0.715
"28","NEOSHO RIVER BASIN","SC","SC098","6/15/15",915,38.083685,-95.655809,11070204,4246.01603009259,2015,0.835
"29","NEOSHO RIVER BASIN","SC","SC098","9/14/15",927,38.083685,-95.655809,11070204,4337.02436342593,2015,1.255
"30","NEOSHO RIVER BASIN","SC","SC098","12/7/15",919,38.083685,-95.655809,11070204,4421.01880787037,2015,0.925
"31","VERDIGRIS RIVER BASIN","SC","SC105","3/24/15",932,37.32676,-95.68463,11070103,4163.02783564815,2015,0.595
"32","VERDIGRIS RIVER BASIN","SC","SC105","6/23/15",1031,37.32676,-95.68463,11070103,4254.06880787037,2015,0.815
"33","VERDIGRIS RIVER BASIN","SC","SC105","9/22/15",935,37.32676,-95.68463,11070103,4345.02991898148,2015,0.835
"34","VERDIGRIS RIVER BASIN","SC","SC105","12/16/15",935,37.32676,-95.68463,11070103,4430.02991898148,2015,1.845
"35","VERDIGRIS RIVER BASIN","SC","SC105","12/16/15",940,37.32676,-95.68463,11070103,4430.0333912037,2015,1.835
"36","WALNUT RIVER BASIN","SC","SC106","2/18/15",951,37.58886,-97.00027,11030018,4129.04103009259,2015,0.765
"37","WALNUT RIVER BASIN","SC","SC106","5/12/15",951,37.58886,-97.00027,11030018,4212.04103009259,2015,2.63
"38","WALNUT RIVER BASIN","SC","SC106","8/18/15",854,37.58886,-97.00027,11030018,4310.00144675926,2015,1.175
"39","WALNUT RIVER BASIN","SC","SC106","11/24/15",941,37.58886,-97.00027,11030018,4408.03408564815,2015,1.145
"40","KANSAS/LOWER REPUBLICAN RIVER BASIN","SC","SC109","3/2/15",1545,38.89181,-95.59458,10270104,4141.28686342593,2015,0.765
"41","KANSAS/LOWER REPUBLICAN RIVER BASIN","SC","SC109","6/1/15",1605,38.89181,-95.59458,10270104,4232.30075231481,2015,1.235
"42","KANSAS/LOWER REPUBLICAN RIVER BASIN","SC","SC109","9/1/15",1642,38.89181,-95.59458,10270104,4324.32644675926,2015,1.095
"43","KANSAS/LOWER REPUBLICAN RIVER BASIN","SC","SC109","12/1/15",1546,38.89181,-95.59458,10270104,4415.28755787037,2015,1.905
"44","MISSOURI RIVER BASIN","SC","SC201","1/5/15",1012,39.87985,-95.19465,10240005,4085.05561342593,2015,6.455
"45","MISSOURI RIVER BASIN","SC","SC201","1/5/15",1017,39.87985,-95.19465,10240005,4085.05908564815,2015,6.455
"46","MISSOURI RIVER BASIN","SC","SC201","4/20/15",1028,39.87985,-95.19465,10240005,4190.06672453704,2015,5.586
"47","MISSOURI RIVER BASIN","SC","SC201","7/13/15",1048,39.87985,-95.19465,10240005,4274.08061342593,2015,7.925
"48","MISSOURI RIVER BASIN","SC","SC201","10/12/15",1052,39.87985,-95.19465,10240005,4365.0833912037,2015,5.485
"49","KANSAS/LOWER REPUBLICAN RIVER BASIN","SC","SC203","3/2/15",1015,39.11148,-94.61644,10270104,4141.05769675926,2015,1.967
"50","KANSAS/LOWER REPUBLICAN RIVER BASIN","SC","SC203","6/1/15",1004,39.11148,-94.61644,10270104,4232.05005787037,2015,2.425
"51","KANSAS/LOWER REPUBLICAN RIVER BASIN","SC","SC203","9/1/15",1026,39.11148,-94.61644,10270104,4324.06533564815,2015,1.365
"52","KANSAS/LOWER REPUBLICAN RIVER BASIN","SC","SC203","12/1/15",1043,39.11148,-94.61644,10270104,4415.0771412037,2015,2.205
"53","MISSOURI RIVER BASIN","SC","SC204","3/2/15",1056,38.94189,-94.60449,10300101,4141.08616898148,2015,8.7
"54","MISSOURI RIVER BASIN","SC","SC204","6/1/15",1039,38.94189,-94.60449,10300101,4232.07436342593,2015,4.425
"55","MISSOURI RIVER BASIN","SC","SC204","9/1/15",1112,38.94189,-94.60449,10300101,4324.09728009259,2015,7.46
"56","MISSOURI RIVER BASIN","SC","SC204","12/1/15",1124,38.94189,-94.60449,10300101,4415.10561342593,2015,3.925
"57","MISSOURI RIVER BASIN","SC","SC205","3/2/15",1120,38.84233,-94.61247,10300101,4141.10283564815,2015,0.625
"58","MISSOURI RIVER BASIN","SC","SC205","3/2/15",1125,38.84233,-94.61247,10300101,4141.10630787037,2015,0.695
"59","MISSOURI RIVER BASIN","SC","SC205","6/1/15",1112,38.84233,-94.61247,10300101,4232.09728009259,2015,1.415
"60","MISSOURI RIVER BASIN","SC","SC205","9/1/15",1148,38.84233,-94.61247,10300101,4324.12228009259,2015,1.275
"61","MISSOURI RIVER BASIN","SC","SC205","9/1/15",1153,38.84233,-94.61247,10300101,4324.12575231482,2015,1.245
"62","MISSOURI RIVER BASIN","SC","SC205","12/1/15",1154,38.84233,-94.61247,10300101,4415.12644675926,2015,1.605
"63","MARAIS DES CYGNES RIVER BASIN","SC","SC207","3/18/15",931,38.00964,-94.70398,10290103,4157.0271412037,2015,0.495
"64","MARAIS DES CYGNES RIVER BASIN","SC","SC207","6/16/15",1001,38.00964,-94.70398,10290103,4247.04797453704,2015,0.815
"65","MARAIS DES CYGNES RIVER BASIN","SC","SC207","9/15/15",953,38.00964,-94.70398,10290103,4338.04241898148,2015,0.795
"66","MARAIS DES CYGNES RIVER BASIN","SC","SC207","12/8/15",957,38.00964,-94.70398,10290103,4422.04519675926,2015,1.205
"67","MARAIS DES CYGNES RIVER BASIN","SC","SC208","3/18/15",814,37.86322,-94.67846,10290104,4156.97366898148,2015,0.665
"68","MARAIS DES CYGNES RIVER BASIN","SC","SC208","6/16/15",829,37.86322,-94.67846,10290104,4246.98408564815,2015,0.825
"69","MARAIS DES CYGNES RIVER BASIN","SC","SC208","9/15/15",847,37.86322,-94.67846,10290104,4337.99658564815,2015,1.085
"70","MARAIS DES CYGNES RIVER BASIN","SC","SC208","12/8/15",839,37.86322,-94.67846,10290104,4421.99103009259,2015,1.205
"71","NEOSHO RIVER BASIN","SC","SC212","3/17/15",1610,37.042143,-94.643212,11070207,4156.30422453704,2015,3.955
"72","NEOSHO RIVER BASIN","SC","SC212","6/15/15",1634,37.042143,-94.643212,11070207,4246.3208912037,2015,3.345
"73","NEOSHO RIVER BASIN","SC","SC212","9/14/15",1546,37.042143,-94.643212,11070207,4337.28755787037,2015,3.015
"74","NEOSHO RIVER BASIN","SC","SC212","12/7/15",1507,37.042143,-94.643212,11070207,4421.26047453704,2015,3.425
"75","NEOSHO RIVER BASIN","SC","SC213","3/17/15",1554,37.023596,-94.720691,11070207,4156.29311342593,2015,3.025
"76","NEOSHO RIVER BASIN","SC","SC213","6/15/15",1613,37.023596,-94.720691,11070207,4246.30630787037,2015,2.335
"77","NEOSHO RIVER BASIN","SC","SC213","9/14/15",1529,37.023596,-94.720691,11070207,4337.27575231481,2015,2.455
"78","NEOSHO RIVER BASIN","SC","SC213","12/7/15",1453,37.023596,-94.720691,11070207,4421.25075231482,2015,3.125
"79","NEOSHO RIVER BASIN","SC","SC214","3/17/15",1501,37.03693,-95.08108,11070205,4156.25630787037,2015,0.915
"80","NEOSHO RIVER BASIN","SC","SC214","6/15/15",1507,37.03693,-95.08108,11070205,4246.26047453704,2015,1.095
"81","NEOSHO RIVER BASIN","SC","SC214","9/14/15",1436,37.03693,-95.08108,11070205,4337.23894675926,2015,1.185
"82","NEOSHO RIVER BASIN","SC","SC214","12/7/15",1400,37.03693,-95.08108,11070205,4421.21394675926,2015,1.685
"83","VERDIGRIS RIVER BASIN","SC","SC215","3/23/15",1756,37.00553,-95.59228,11070103,4162.37783564815,2015,1.105
"84","VERDIGRIS RIVER BASIN","SC","SC215","6/22/15",1732,37.00553,-95.59228,11070103,4253.36116898148,2015,0.905
"85","VERDIGRIS RIVER BASIN","SC","SC215","9/21/15",1804,37.00553,-95.59228,11070103,4344.3833912037,2015,1.735
"86","VERDIGRIS RIVER BASIN","SC","SC215","12/15/15",1605,37.00553,-95.59228,11070103,4429.30075231481,2015,2.465
"87","VERDIGRIS RIVER BASIN","SC","SC217","3/23/15",1625,37.00375,-96.31618,11070106,4162.3146412037,2015,0.505
"88","VERDIGRIS RIVER BASIN","SC","SC217","6/22/15",1543,37.00375,-96.31618,11070106,4253.28547453704,2015,0.395
"89","VERDIGRIS RIVER BASIN","SC","SC217","9/21/15",1636,37.00375,-96.31618,11070106,4344.32228009259,2015,0.525
"90","VERDIGRIS RIVER BASIN","SC","SC217","12/15/15",1435,37.00375,-96.31618,11070106,4429.23825231481,2015,1.235
"91","LOWER ARKANSAS RIVER BASIN","SC","SC218","2/17/15",1655,37.05641,-97.05897,11030013,4128.33547453704,2015,4.425
"92","LOWER ARKANSAS RIVER BASIN","SC","SC218","5/11/15",1557,37.05641,-97.05897,11030013,4211.29519675926,2015,3.998
"93","LOWER ARKANSAS RIVER BASIN","SC","SC218","5/11/15",1602,37.05641,-97.05897,11030013,4211.29866898148,2015,3.725
"94","LOWER ARKANSAS RIVER BASIN","SC","SC218","8/17/15",1537,37.05641,-97.05897,11030013,4309.28130787037,2015,2.795
"95","LOWER ARKANSAS RIVER BASIN","SC","SC218","11/23/15",1628,37.05641,-97.05897,11030013,4407.31672453704,2015,5.005
"96","LOWER ARKANSAS RIVER BASIN","SC","SC220","2/24/15",1312,37.03935,-98.46972,11060003,4135.18061342593,2015,1.345
"97","LOWER ARKANSAS RIVER BASIN","SC","SC220","5/19/15",1528,37.03935,-98.46972,11060003,4219.27505787037,2015,1.035
"98","LOWER ARKANSAS RIVER BASIN","SC","SC220","8/25/15",1414,37.03935,-98.46972,11060003,4317.22366898148,2015,0.615
"99","LOWER ARKANSAS RIVER BASIN","SC","SC220","11/17/15",1420,37.03935,-98.46972,11060003,4401.22783564815,2015,1.115
"100","CIMARRON RIVER BASIN","SC","SC222","5/18/15",1438,37.01131,-100.492224,11040006,4218.24033564815,2015,1.065
"101","CIMARRON RIVER BASIN","SC","SC222","8/24/15",1425,37.01131,-100.492224,11040006,4316.23130787037,2015,1.185
"102","CIMARRON RIVER BASIN","SC","SC222","11/16/15",1602,37.01131,-100.492224,11040006,4400.29866898148,2015,1.145
"103","UPPER ARKANSAS RIVER BASIN","SC","SC223","5/18/15",1115,38.028278,-102.011714,11030001,4218.09936342593,2015,1.455
"104","UPPER ARKANSAS RIVER BASIN","SC","SC223","8/24/15",1115,38.028278,-102.011714,11030001,4316.09936342593,2015,0.88
"105","UPPER ARKANSAS RIVER BASIN","SC","SC223","11/16/15",1120,38.028278,-102.011714,11030001,4400.10283564815,2015,2.485
"106","SMOKY-SALINE RIVER BASIN","SC","SC224","1/26/15",2332,38.795788,-100.85779,10260003,4106.61116898148,2015,0.925
"107","SMOKY-SALINE RIVER BASIN","SC","SC224","4/6/15",1305,38.795788,-100.85779,10260003,4176.17575231481,2015,1.175
"108","SMOKY-SALINE RIVER BASIN","SC","SC224","7/6/15",1245,38.795788,-100.85779,10260003,4267.16186342593,2015,2.775
"109","UPPER REPUBLICAN RIVER BASIN","SC","SC225","1/27/15",903,39.67186,-102.01326,10250003,4107.00769675926,2015,0.685
"110","UPPER REPUBLICAN RIVER BASIN","SC","SC225","4/7/15",1000,39.67186,-102.01326,10250003,4177.04728009259,2015,0.885
"111","UPPER REPUBLICAN RIVER BASIN","SC","SC225","7/7/15",945,39.67186,-102.01326,10250003,4268.03686342593,2015,1.245
"112","UPPER REPUBLICAN RIVER BASIN","SC","SC225","10/6/15",915,39.67186,-102.01326,10250003,4359.01603009259,2015,1.605
"113","UPPER REPUBLICAN RIVER BASIN","SC","SC227","7/7/15",1122,40.01042,-101.54242,10250003,4268.10422453704,2015,0.925
"114","UPPER REPUBLICAN RIVER BASIN","SC","SC229","1/27/15",1249,40.0457,-99.89138,10250011,4107.1646412037,2015,0.585
"115","UPPER REPUBLICAN RIVER BASIN","SC","SC229","4/7/15",1434,40.0457,-99.89138,10250011,4177.23755787037,2015,0.875
"116","UPPER REPUBLICAN RIVER BASIN","SC","SC229","7/7/15",1415,40.0457,-99.89138,10250011,4268.22436342593,2015,2.53
"117","UPPER REPUBLICAN RIVER BASIN","SC","SC229","10/6/15",1300,40.0457,-99.89138,10250011,4359.17228009259,2015,4.045
"118","UPPER REPUBLICAN RIVER BASIN","SC","SC230","4/7/15",1315,39.98522,-99.47373,10250015,4177.18269675926,2015,0.985
"119","KANSAS/LOWER REPUBLICAN RIVER BASIN","SC","SC231","1/13/15",1011,39.992936,-97.932032,10250016,4093.05491898148,2015,2.385
"120","KANSAS/LOWER REPUBLICAN RIVER BASIN","SC","SC231","4/14/15",1129,39.992936,-97.932032,10250016,4184.10908564815,2015,1.305
"121","KANSAS/LOWER REPUBLICAN RIVER BASIN","SC","SC231","4/14/15",1134,39.992936,-97.932032,10250016,4184.11255787037,2015,1.245
"122","KANSAS/LOWER REPUBLICAN RIVER BASIN","SC","SC231","7/21/15",829,39.992936,-97.932032,10250016,4281.98408564815,2015,1.855
"123","KANSAS/LOWER REPUBLICAN RIVER BASIN","SC","SC231","10/20/15",927,39.992936,-97.932032,10250016,4373.02436342593,2015,1.295
"124","KANSAS/LOWER REPUBLICAN RIVER BASIN","SC","SC232","1/12/15",1301,39.98039,-97.00431,10270207,4092.17297453704,2015,3.235
"125","KANSAS/LOWER REPUBLICAN RIVER BASIN","SC","SC232","4/13/15",1446,39.98039,-97.00431,10270207,4183.2458912037,2015,1.725
"126","KANSAS/LOWER REPUBLICAN RIVER BASIN","SC","SC232","7/20/15",1638,39.98039,-97.00431,10270207,4281.32366898148,2015,1.875
"127","KANSAS/LOWER REPUBLICAN RIVER BASIN","SC","SC232","10/19/15",1451,39.98039,-97.00431,10270207,4372.24936342593,2015,0.775
"128","KANSAS/LOWER REPUBLICAN RIVER BASIN","SC","SC233","1/12/15",1139,39.95781,-96.60998,10270205,4092.11603009259,2015,5.725
"129","KANSAS/LOWER REPUBLICAN RIVER BASIN","SC","SC233","4/13/15",1253,39.95781,-96.60998,10270205,4183.16741898148,2015,2.875
"130","KANSAS/LOWER REPUBLICAN RIVER BASIN","SC","SC233","7/20/15",1535,39.95781,-96.60998,10270205,4281.27991898148,2015,4.125
"131","KANSAS/LOWER REPUBLICAN RIVER BASIN","SC","SC233","10/19/15",1314,39.95781,-96.60998,10270205,4372.18200231481,2015,3.125
"132","MISSOURI RIVER BASIN","SC","SC234","4/20/15",1319,39.958766,-96.03533,10240007,4190.18547453704,2015,3.353
"133","MISSOURI RIVER BASIN","SC","SC234","7/13/15",1318,39.958766,-96.03533,10240007,4274.18478009259,2015,3.175
"134","MISSOURI RIVER BASIN","SC","SC234","10/12/15",1314,39.958766,-96.03533,10240007,4365.18200231481,2015,1.725
"135","KANSAS/LOWER REPUBLICAN RIVER BASIN","SC","SC236","3/2/15",1427,38.91098,-95.26038,10270104,4141.23269675926,2015,0.435
"136","KANSAS/LOWER REPUBLICAN RIVER BASIN","SC","SC236","6/1/15",1430,38.91098,-95.26038,10270104,4232.23478009259,2015,0.945
"137","KANSAS/LOWER REPUBLICAN RIVER BASIN","SC","SC236","9/1/15",1500,38.91098,-95.26038,10270104,4324.25561342593,2015,0.765
"138","KANSAS/LOWER REPUBLICAN RIVER BASIN","SC","SC236","12/1/15",1452,38.91098,-95.26038,10270104,4415.25005787037,2015,1.485
"139","KANSAS/LOWER REPUBLICAN RIVER BASIN","SC","SC238","3/3/15",750,39.05431,-95.61314,10270102,4141.95700231481,2015,2.161
"140","KANSAS/LOWER REPUBLICAN RIVER BASIN","SC","SC238","6/2/15",742,39.05431,-95.61314,10270102,4232.95144675926,2015,1.095
"141","KANSAS/LOWER REPUBLICAN RIVER BASIN","SC","SC238","9/8/15",734,39.05431,-95.61314,10270102,4330.9458912037,2015,2.425
"142","KANSAS/LOWER REPUBLICAN RIVER BASIN","SC","SC238","12/2/15",828,39.05431,-95.61314,10270102,4415.9833912037,2015,1.105
"143","KANSAS/LOWER REPUBLICAN RIVER BASIN","SC","SC239","3/3/15",834,39.09973,-95.72473,10270102,4141.98755787037,2015,0.785
"144","KANSAS/LOWER REPUBLICAN RIVER BASIN","SC","SC239","6/2/15",812,39.09973,-95.72473,10270102,4232.97228009259,2015,1.395
"145","KANSAS/LOWER REPUBLICAN RIVER BASIN","SC","SC239","9/8/15",810,39.09973,-95.72473,10270102,4330.9708912037,2015,0.865
"146","KANSAS/LOWER REPUBLICAN RIVER BASIN","SC","SC239","9/8/15",815,39.09973,-95.72473,10270102,4330.97436342593,2015,0.855
"147","KANSAS/LOWER REPUBLICAN RIVER BASIN","SC","SC239","12/2/15",901,39.09973,-95.72473,10270102,4416.00630787037,2015,2.825
"148","KANSAS/LOWER REPUBLICAN RIVER BASIN","SC","SC240","1/12/15",1021,39.6876,-96.63835,10270205,4092.06186342593,2015,4.355
"149","KANSAS/LOWER REPUBLICAN RIVER BASIN","SC","SC240","4/13/15",953,39.6876,-96.63835,10270205,4183.04241898148,2015,1.875
"150","KANSAS/LOWER REPUBLICAN RIVER BASIN","SC","SC240","7/20/15",1234,39.6876,-96.63835,10270205,4281.15422453704,2015,4.725
"151","KANSAS/LOWER REPUBLICAN RIVER BASIN","SC","SC240","10/19/15",1001,39.6876,-96.63835,10270205,4372.04797453704,2015,1.975
"152","LOWER ARKANSAS RIVER BASIN","SC","SC246","2/10/15",1009,38.11244,-97.59198,11030012,4121.05353009259,2015,0.495
"153","LOWER ARKANSAS RIVER BASIN","SC","SC246","5/5/15",1036,38.11244,-97.59198,11030012,4205.07228009259,2015,1.375
"154","LOWER ARKANSAS RIVER BASIN","SC","SC246","8/11/15",904,38.11244,-97.59198,11030012,4303.0083912037,2015,3.125
"155","LOWER ARKANSAS RIVER BASIN","SC","SC246","8/11/15",909,38.11244,-97.59198,11030012,4303.01186342593,2015,3.025
"156","LOWER ARKANSAS RIVER BASIN","SC","SC246","11/3/15",1055,38.11244,-97.59198,11030012,4387.08547453704,2015,0.725
"157","KANSAS/LOWER REPUBLICAN RIVER BASIN","SC","SC251","3/2/15",930,39.00939,-94.81604,10270104,4141.02644675926,2015,3.94
"158","KANSAS/LOWER REPUBLICAN RIVER BASIN","SC","SC251","6/1/15",925,39.00939,-94.81604,10270104,4232.02297453704,2015,1.675
"159","KANSAS/LOWER REPUBLICAN RIVER BASIN","SC","SC251","9/1/15",952,39.00939,-94.81604,10270104,4324.04172453704,2015,1.435
"160","KANSAS/LOWER REPUBLICAN RIVER BASIN","SC","SC251","12/1/15",1010,39.00939,-94.81604,10270104,4415.05422453704,2015,1.795
"161","KANSAS/LOWER REPUBLICAN RIVER BASIN","SC","SC252","3/2/15",1236,38.95652,-94.91543,10270104,4141.15561342593,2015,6.878
"162","KANSAS/LOWER REPUBLICAN RIVER BASIN","SC","SC252","6/1/15",1221,38.95652,-94.91543,10270104,4232.14519675926,2015,2.205
"163","KANSAS/LOWER REPUBLICAN RIVER BASIN","SC","SC252","9/1/15",1259,38.95652,-94.91543,10270104,4324.17158564815,2015,5.895
"164","KANSAS/LOWER REPUBLICAN RIVER BASIN","SC","SC252","12/1/15",1259,38.95652,-94.91543,10270104,4415.17158564815,2015,1.705
"165","KANSAS/LOWER REPUBLICAN RIVER BASIN","SC","SC253","7/31/15",940,38.960386,-94.97036,10270104,4292.0333912037,2015,1.325
"166","KANSAS/LOWER REPUBLICAN RIVER BASIN","SC","SC254","3/2/15",900,38.98213,-94.96482,10270104,4141.00561342593,2015,1.355
"167","KANSAS/LOWER REPUBLICAN RIVER BASIN","SC","SC254","6/1/15",850,38.98213,-94.96482,10270104,4231.99866898148,2015,2.045
"168","KANSAS/LOWER REPUBLICAN RIVER BASIN","SC","SC254","9/1/15",906,38.98213,-94.96482,10270104,4324.00978009259,2015,1.275
"169","KANSAS/LOWER REPUBLICAN RIVER BASIN","SC","SC254","12/1/15",933,38.98213,-94.96482,10270104,4415.02853009259,2015,1.865
"170","KANSAS/LOWER REPUBLICAN RIVER BASIN","SC","SC255","3/2/15",1342,38.95585,-95.0968,10270104,4141.20144675926,2015,1.225
"171","KANSAS/LOWER REPUBLICAN RIVER BASIN","SC","SC255","6/1/15",1341,38.95585,-95.0968,10270104,4232.20075231481,2015,2.455
"172","KANSAS/LOWER REPUBLICAN RIVER BASIN","SC","SC255","9/1/15",1420,38.95585,-95.0968,10270104,4324.22783564815,2015,1.175
"173","KANSAS/LOWER REPUBLICAN RIVER BASIN","SC","SC255","12/1/15",1410,38.95585,-95.0968,10270104,4415.2208912037,2015,1.615
"174","KANSAS/LOWER REPUBLICAN RIVER BASIN","SC","SC257","3/2/15",802,39.04837,-95.38803,10270104,4140.96533564815,2015,1.525
"175","KANSAS/LOWER REPUBLICAN RIVER BASIN","SC","SC257","6/1/15",756,39.04837,-95.38803,10270104,4231.96116898148,2015,2.545
"176","KANSAS/LOWER REPUBLICAN RIVER BASIN","SC","SC257","9/1/15",755,39.04837,-95.38803,10270104,4323.96047453704,2015,1.375
"177","KANSAS/LOWER REPUBLICAN RIVER BASIN","SC","SC257","12/1/15",821,39.04837,-95.38803,10270104,4414.97853009259,2015,1.735
"178","KANSAS/LOWER REPUBLICAN RIVER BASIN","SC","SC259","3/3/15",911,39.098909,-95.946757,10270102,4142.01325231481,2015,1.365
"179","KANSAS/LOWER REPUBLICAN RIVER BASIN","SC","SC259","6/2/15",844,39.098909,-95.946757,10270102,4232.99450231481,2015,2.405
"180","KANSAS/LOWER REPUBLICAN RIVER BASIN","SC","SC259","9/8/15",851,39.098909,-95.946757,10270102,4330.99936342593,2015,1.175
"181","KANSAS/LOWER REPUBLICAN RIVER BASIN","SC","SC259","12/2/15",956,39.098909,-95.946757,10270102,4416.04450231481,2015,1.885
"182","KANSAS/LOWER REPUBLICAN RIVER BASIN","SC","SC260","3/3/15",1112,39.19685,-96.30513,10270102,4142.09728009259,2015,1.385
"183","KANSAS/LOWER REPUBLICAN RIVER BASIN","SC","SC260","6/2/15",1110,39.19685,-96.30513,10270102,4233.0958912037,2015,3.625
"184","KANSAS/LOWER REPUBLICAN RIVER BASIN","SC","SC260","9/8/15",1038,39.19685,-96.30513,10270102,4331.07366898148,2015,1.195
"185","KANSAS/LOWER REPUBLICAN RIVER BASIN","SC","SC260","12/2/15",1128,39.19685,-96.30513,10270102,4416.1083912037,2015,4.325
"186","SMOKY-SALINE RIVER BASIN","SC","SC265","1/14/15",820,38.90713,-97.11801,10260008,4093.97783564815,2015,1.535
"187","SMOKY-SALINE RIVER BASIN","SC","SC265","4/15/15",1018,38.90713,-97.11801,10260008,4185.05978009259,2015,1.775
"188","SMOKY-SALINE RIVER BASIN","SC","SC265","7/21/15",1348,38.90713,-97.11801,10260008,4282.20561342593,2015,1.575
"189","SMOKY-SALINE RIVER BASIN","SC","SC265","7/21/15",1403,38.90713,-97.11801,10260008,4282.21603009259,2015,1.775
"190","SMOKY-SALINE RIVER BASIN","SC","SC265","10/21/15",858,38.90713,-97.11801,10260008,4374.00422453704,2015,1.375
"191","SMOKY-SALINE RIVER BASIN","SC","SC265","10/21/15",903,38.90713,-97.11801,10260008,4374.00769675926,2015,1.425
"192","SOLOMON RIVER BASIN","SC","SC266","1/13/15",1451,38.96909,-97.47637,10260015,4093.24936342593,2015,0.435
"193","SOLOMON RIVER BASIN","SC","SC266","4/15/15",918,38.96909,-97.47637,10260015,4185.01811342593,2015,1.455
"194","SOLOMON RIVER BASIN","SC","SC266","7/21/15",1235,38.96909,-97.47637,10260015,4282.15491898148,2015,1.625
"195","SOLOMON RIVER BASIN","SC","SC266","10/20/15",1421,38.96909,-97.47637,10260015,4373.22853009259,2015,0.695
"196","SMOKY-SALINE RIVER BASIN","SC","SC267","1/13/15",1431,38.874789,-97.538587,10260010,4093.23547453704,2015,0.475
"197","SMOKY-SALINE RIVER BASIN","SC","SC267","4/15/15",857,38.874789,-97.538587,10260010,4185.00353009259,2015,1.475
"198","SMOKY-SALINE RIVER BASIN","SC","SC267","7/21/15",1215,38.874789,-97.538587,10260010,4282.14103009259,2015,1.475
"199","SMOKY-SALINE RIVER BASIN","SC","SC267","10/20/15",1353,38.874789,-97.538587,10260010,4373.20908564815,2015,1.275
"200","SMOKY-SALINE RIVER BASIN","SC","SC268","1/13/15",1417,38.86063,-97.5389,10260008,4093.22575231481,2015,3.415
"201","SMOKY-SALINE RIVER BASIN","SC","SC268","4/15/15",846,38.86063,-97.5389,10260008,4184.9958912037,2015,2.505
"202","SMOKY-SALINE RIVER BASIN","SC","SC268","7/21/15",1157,38.86063,-97.5389,10260008,4282.12853009259,2015,2.9
"203","SMOKY-SALINE RIVER BASIN","SC","SC268","10/20/15",1339,38.86063,-97.5389,10260008,4373.19936342593,2015,6.12
"204","SMOKY-SALINE RIVER BASIN","SC","SC269","1/26/15",1141,38.72658,-98.23378,10260006,4106.11741898148,2015,1.035
"205","SMOKY-SALINE RIVER BASIN","SC","SC269","4/6/15",1124,38.72658,-98.23378,10260006,4176.10561342593,2015,0.495
"206","SMOKY-SALINE RIVER BASIN","SC","SC269","7/6/15",1135,38.72658,-98.23378,10260006,4267.11325231481,2015,0.695
"207","SMOKY-SALINE RIVER BASIN","SC","SC269","10/5/15",1238,38.72658,-98.23378,10260006,4358.15700231482,2015,0.455
"208","MARAIS DES CYGNES RIVER BASIN","SC","SC270","3/18/15",1323,38.61132,-95.20639,10290101,4157.18825231482,2015,0.655
"209","MARAIS DES CYGNES RIVER BASIN","SC","SC270","6/16/15",1404,38.61132,-95.20639,10290101,4247.21672453704,2015,1.035
"210","MARAIS DES CYGNES RIVER BASIN","SC","SC270","9/15/15",1432,38.61132,-95.20639,10290101,4338.23616898148,2015,0.995
"211","MARAIS DES CYGNES RIVER BASIN","SC","SC270","12/8/15",1333,38.61132,-95.20639,10290101,4422.19519675926,2015,1.745
"212","NEOSHO RIVER BASIN","SC","SC271","3/17/15",1146,37.62551,-95.39784,11070204,4156.1208912037,2015,0.795
"213","NEOSHO RIVER BASIN","SC","SC271","6/15/15",1142,37.62551,-95.39784,11070204,4246.11811342593,2015,0.955
"214","NEOSHO RIVER BASIN","SC","SC271","9/14/15",1144,37.62551,-95.39784,11070204,4337.11950231481,2015,1.075
"215","NEOSHO RIVER BASIN","SC","SC271","12/7/15",1114,37.62551,-95.39784,11070204,4421.09866898148,2015,1.155
"216","NEOSHO RIVER BASIN","SC","SC273","2/3/15",843,38.367706,-96.002059,11070201,4113.99380787037,2015,1.135
"217","NEOSHO RIVER BASIN","SC","SC273","5/27/15",846,38.367706,-96.002059,11070201,4226.9958912037,2015,1.915
"218","NEOSHO RIVER BASIN","SC","SC273","8/4/15",835,38.367706,-96.002059,11070201,4295.98825231481,2015,1.235
"219","NEOSHO RIVER BASIN","SC","SC273","11/9/15",851,38.367706,-96.002059,11070201,4392.99936342593,2015,1.465
"220","NEOSHO RIVER BASIN","SC","SC274","2/3/15",943,38.36582,-96.11486,11070203,4114.03547453704,2015,1.265
"221","NEOSHO RIVER BASIN","SC","SC274","5/27/15",954,38.36582,-96.11486,11070203,4227.04311342593,2015,1.525
"222","NEOSHO RIVER BASIN","SC","SC274","8/4/15",946,38.36582,-96.11486,11070203,4296.03755787037,2015,1.225
"223","NEOSHO RIVER BASIN","SC","SC274","11/9/15",956,38.36582,-96.11486,11070203,4393.04450231481,2015,1.505
"224","NEOSHO RIVER BASIN","SC","SC275","2/3/15",1030,38.39775,-96.35661,11070203,4114.06811342593,2015,0.245
"225","NEOSHO RIVER BASIN","SC","SC275","5/27/15",1040,38.39775,-96.35661,11070203,4227.07505787037,2015,1.715
"226","NEOSHO RIVER BASIN","SC","SC275","8/4/15",1040,38.39775,-96.35661,11070203,4296.07505787037,2015,0.835
"227","NEOSHO RIVER BASIN","SC","SC275","11/9/15",1055,38.39775,-96.35661,11070203,4393.08547453704,2015,0.605
"228","WALNUT RIVER BASIN","SC","SC279","2/18/15",1043,37.75473,-96.87949,11030017,4129.0771412037,2015,1.285
"229","WALNUT RIVER BASIN","SC","SC279","5/12/15",1104,37.75473,-96.87949,11030017,4212.09172453704,2015,1.81
"230","WALNUT RIVER BASIN","SC","SC279","8/18/15",948,37.75473,-96.87949,11030017,4310.03894675926,2015,1.015
"231","WALNUT RIVER BASIN","SC","SC279","11/24/15",1043,37.75473,-96.87949,11030017,4408.0771412037,2015,1.815
"232","LOWER ARKANSAS RIVER BASIN","SC","SC280","2/17/15",1343,37.36385,-97.27648,11030016,4128.2021412037,2015,2.125
"233","LOWER ARKANSAS RIVER BASIN","SC","SC280","8/17/15",1241,37.36385,-97.27648,11030016,4309.15908564815,2015,1.125
"234","LOWER ARKANSAS RIVER BASIN","SC","SC280","11/23/15",1315,37.36385,-97.27648,11030016,4407.18269675926,2015,1.855
"235","LOWER ARKANSAS RIVER BASIN","SC","SC281","2/17/15",1308,37.5443,-97.27591,11030013,4128.17783564815,2015,4.965
"236","LOWER ARKANSAS RIVER BASIN","SC","SC281","5/11/15",1227,37.5443,-97.27591,11030013,4211.14936342593,2015,4.099
"237","LOWER ARKANSAS RIVER BASIN","SC","SC281","8/17/15",1147,37.5443,-97.27591,11030013,4309.12158564815,2015,4.125
"238","LOWER ARKANSAS RIVER BASIN","SC","SC281","11/23/15",1242,37.5443,-97.27591,11030013,4407.15978009259,2015,4.275
"239","LOWER ARKANSAS RIVER BASIN","SC","SC282","2/10/15",913,37.83215,-97.38802,11030012,4121.0146412037,2015,1.045
"240","LOWER ARKANSAS RIVER BASIN","SC","SC282","5/5/15",912,37.83215,-97.38802,11030012,4205.01394675926,2015,1.675
"241","LOWER ARKANSAS RIVER BASIN","SC","SC282","5/5/15",917,37.83215,-97.38802,11030012,4205.01741898148,2015,1.775
"242","LOWER ARKANSAS RIVER BASIN","SC","SC282","8/11/15",803,37.83215,-97.38802,11030012,4302.96603009259,2015,2.925
"243","LOWER ARKANSAS RIVER BASIN","SC","SC282","11/3/15",948,37.83215,-97.38802,11030012,4387.03894675926,2015,0.845
"244","UPPER ARKANSAS RIVER BASIN","SC","SC284","2/23/15",1059,38.35582,-98.664033,11030004,4134.08825231481,2015,2.945
"245","UPPER ARKANSAS RIVER BASIN","SC","SC284","5/18/15",1036,38.35582,-98.664033,11030004,4218.07228009259,2015,3.87
"246","UPPER ARKANSAS RIVER BASIN","SC","SC284","8/24/15",1100,38.35582,-98.664033,11030004,4316.08894675926,2015,5.075
"247","UPPER ARKANSAS RIVER BASIN","SC","SC284","11/16/15",1121,38.35582,-98.664033,11030004,4400.10353009259,2015,6.525
"248","LOWER ARKANSAS RIVER BASIN","SC","SC287","5/4/15",1436,37.999425,-97.863237,11030011,4204.23894675926,2015,2.07
"249","LOWER ARKANSAS RIVER BASIN","SC","SC287","8/10/15",1422,37.999425,-97.863237,11030011,4302.22922453704,2015,1.995
"250","LOWER ARKANSAS RIVER BASIN","SC","SC288","2/17/15",1201,37.593242,-97.382621,11030013,4128.13130787037,2015,1.765
"251","LOWER ARKANSAS RIVER BASIN","SC","SC288","5/11/15",1144,37.593242,-97.382621,11030013,4211.11950231481,2015,2.13
"252","LOWER ARKANSAS RIVER BASIN","SC","SC288","8/17/15",1052,37.593242,-97.382621,11030013,4309.0833912037,2015,1.185
"253","LOWER ARKANSAS RIVER BASIN","SC","SC288","11/23/15",1139,37.593242,-97.382621,11030013,4407.11603009259,2015,0.995
"254","VERDIGRIS RIVER BASIN","SC","SC289","3/23/15",1137,37.94192,-96.01362,11070101,4162.1146412037,2015,0.595
"255","VERDIGRIS RIVER BASIN","SC","SC289","6/22/15",1109,37.94192,-96.01362,11070101,4253.09519675926,2015,1.185
"256","VERDIGRIS RIVER BASIN","SC","SC289","9/21/15",1206,37.94192,-96.01362,11070101,4344.13478009259,2015,0.725
"257","VERDIGRIS RIVER BASIN","SC","SC289","12/15/15",1006,37.94192,-96.01362,11070101,4429.05144675926,2015,1.525
"258","VERDIGRIS RIVER BASIN","SC","SC290","3/23/15",1154,37.8896,-96.03124,11070101,4162.12644675926,2015,0.445
"259","VERDIGRIS RIVER BASIN","SC","SC290","6/22/15",1128,37.8896,-96.03124,11070101,4253.1083912037,2015,0.725
"260","VERDIGRIS RIVER BASIN","SC","SC290","9/21/15",1223,37.8896,-96.03124,11070101,4344.14658564815,2015,0.845
"261","VERDIGRIS RIVER BASIN","SC","SC290","12/15/15",1024,37.8896,-96.03124,11070101,4429.06394675926,2015,1.715
"262","MISSOURI RIVER BASIN","SC","SC292","1/5/15",1139,40.00023,-95.56552,10240008,4085.11603009259,2015,5.375
"263","MISSOURI RIVER BASIN","SC","SC292","4/20/15",1152,40.00023,-95.56552,10240008,4190.12505787037,2015,3.41
"264","MISSOURI RIVER BASIN","SC","SC292","7/13/15",1207,40.00023,-95.56552,10240008,4274.13547453704,2015,6.925
"265","MISSOURI RIVER BASIN","SC","SC292","10/12/15",1213,40.00023,-95.56552,10240008,4365.1396412037,2015,6.155
"266","KANSAS/LOWER REPUBLICAN RIVER BASIN","SC","SC500","3/2/15",1400,38.94234,-95.11304,10270104,4141.21394675926,2015,0.445
"267","KANSAS/LOWER REPUBLICAN RIVER BASIN","SC","SC500","6/1/15",1352,38.94234,-95.11304,10270104,4232.2083912037,2015,1.205
"268","KANSAS/LOWER REPUBLICAN RIVER BASIN","SC","SC500","9/1/15",1430,38.94234,-95.11304,10270104,4324.23478009259,2015,0.585
"269","KANSAS/LOWER REPUBLICAN RIVER BASIN","SC","SC500","12/1/15",1423,38.94234,-95.11304,10270104,4415.22991898148,2015,1.815
"270","KANSAS/LOWER REPUBLICAN RIVER BASIN","SC","SC501","3/2/15",835,39.00579,-95.02837,10270104,4140.98825231481,2015,1.315
"271","KANSAS/LOWER REPUBLICAN RIVER BASIN","SC","SC501","6/1/15",832,39.00579,-95.02837,10270104,4231.98616898148,2015,2.625
"272","KANSAS/LOWER REPUBLICAN RIVER BASIN","SC","SC501","9/1/15",847,39.00579,-95.02837,10270104,4323.99658564815,2015,0.745
"273","KANSAS/LOWER REPUBLICAN RIVER BASIN","SC","SC501","12/1/15",910,39.00579,-95.02837,10270104,4415.01255787037,2015,3.325
"274","KANSAS/LOWER REPUBLICAN RIVER BASIN","SC","SC503","1/14/15",1018,39.30269,-97.05294,10250017,4094.05978009259,2015,2.015
"275","KANSAS/LOWER REPUBLICAN RIVER BASIN","SC","SC503","4/13/15",1557,39.30269,-97.05294,10250017,4183.29519675926,2015,1.275
"276","KANSAS/LOWER REPUBLICAN RIVER BASIN","SC","SC503","7/20/15",1044,39.30269,-97.05294,10250017,4281.07783564815,2015,4.255
"277","KANSAS/LOWER REPUBLICAN RIVER BASIN","SC","SC503","10/21/15",1031,39.30269,-97.05294,10250017,4374.06880787037,2015,0.785
"278","KANSAS/LOWER REPUBLICAN RIVER BASIN","SC","SC505","1/12/15",945,39.6456,-96.50635,10270205,4092.03686342593,2015,2.215
"279","KANSAS/LOWER REPUBLICAN RIVER BASIN","SC","SC505","4/13/15",922,39.6456,-96.50635,10270205,4183.0208912037,2015,0.875
"280","KANSAS/LOWER REPUBLICAN RIVER BASIN","SC","SC505","7/20/15",1207,39.6456,-96.50635,10270205,4281.13547453704,2015,5.725
"281","KANSAS/LOWER REPUBLICAN RIVER BASIN","SC","SC505","10/19/15",932,39.6456,-96.50635,10270205,4372.02783564815,2015,0.765
"282","KANSAS/LOWER REPUBLICAN RIVER BASIN","SC","SC507","4/13/15",1421,39.921032,-96.937179,10270207,4183.22853009259,2015,1.275
"283","KANSAS/LOWER REPUBLICAN RIVER BASIN","SC","SC507","7/20/15",1613,39.921032,-96.937179,10270207,4281.30630787037,2015,6.425
"284","KANSAS/LOWER REPUBLICAN RIVER BASIN","SC","SC507","10/19/15",1424,39.921032,-96.937179,10270207,4372.23061342593,2015,0.945
"285","KANSAS/LOWER REPUBLICAN RIVER BASIN","SC","SC509","1/13/15",852,39.5925,-97.74377,10250017,4093.00005787037,2015,2.775
"286","KANSAS/LOWER REPUBLICAN RIVER BASIN","SC","SC509","4/14/15",1027,39.5925,-97.74377,10250017,4184.06603009259,2015,4.844
"287","KANSAS/LOWER REPUBLICAN RIVER BASIN","SC","SC509","7/20/15",1919,39.5925,-97.74377,10250017,4281.43547453704,2015,4.625
"288","KANSAS/LOWER REPUBLICAN RIVER BASIN","SC","SC509","10/20/15",822,39.5925,-97.74377,10250017,4372.97922453704,2015,1.785
"289","KANSAS/LOWER REPUBLICAN RIVER BASIN","SC","SC510","1/12/15",1524,39.59603,-97.57127,10250017,4092.27228009259,2015,2.355
"290","KANSAS/LOWER REPUBLICAN RIVER BASIN","SC","SC510","4/14/15",957,39.59603,-97.57127,10250017,4184.04519675926,2015,0.965
"291","KANSAS/LOWER REPUBLICAN RIVER BASIN","SC","SC510","7/20/15",1853,39.59603,-97.57127,10250017,4281.41741898148,2015,3.535
"292","KANSAS/LOWER REPUBLICAN RIVER BASIN","SC","SC510","10/19/15",1715,39.59603,-97.57127,10250017,4372.34936342593,2015,0.935
"293","SOLOMON RIVER BASIN","SC","SC511","1/13/15",1151,39.35026,-97.85431,10260015,4093.12436342593,2015,1.295
"294","SOLOMON RIVER BASIN","SC","SC511","4/14/15",1343,39.35026,-97.85431,10260015,4184.2021412037,2015,2.675
"295","SOLOMON RIVER BASIN","SC","SC511","7/21/15",954,39.35026,-97.85431,10260015,4282.04311342593,2015,3.425
"296","SOLOMON RIVER BASIN","SC","SC511","10/20/15",1120,39.35026,-97.85431,10260015,4373.10283564815,2015,0.785
"297","SOLOMON RIVER BASIN","SC","SC512","1/13/15",1243,39.102773,-97.724291,10260015,4093.16047453704,2015,0.585
"298","SOLOMON RIVER BASIN","SC","SC512","4/14/15",1433,39.102773,-97.724291,10260015,4184.23686342593,2015,1.675
"299","SOLOMON RIVER BASIN","SC","SC512","7/21/15",1032,39.102773,-97.724291,10260015,4282.06950231481,2015,2.075
"300","SOLOMON RIVER BASIN","SC","SC512","10/20/15",1214,39.102773,-97.724291,10260015,4373.14033564815,2015,1.475
"301","SMOKY-SALINE RIVER BASIN","SC","SC513","1/28/15",1155,39.00906,-97.9819,10260010,4108.1271412037,2015,0.475
"302","SMOKY-SALINE RIVER BASIN","SC","SC513","4/8/15",1146,39.00906,-97.9819,10260010,4178.1208912037,2015,1.775
"303","SMOKY-SALINE RIVER BASIN","SC","SC513","7/8/15",1231,39.00906,-97.9819,10260010,4269.1521412037,2015,1.675
"304","SMOKY-SALINE RIVER BASIN","SC","SC513","10/7/15",1149,39.00906,-97.9819,10260010,4360.12297453704,2015,1.575
"305","SMOKY-SALINE RIVER BASIN","SC","SC514","1/13/15",1355,38.7404,-97.58072,10260008,4093.21047453704,2015,1.235
"306","SMOKY-SALINE RIVER BASIN","SC","SC514","4/15/15",818,38.7404,-97.58072,10260008,4184.97644675926,2015,0.565
"307","SMOKY-SALINE RIVER BASIN","SC","SC514","7/21/15",1129,38.7404,-97.58072,10260008,4282.10908564815,2015,0.835
"308","SMOKY-SALINE RIVER BASIN","SC","SC514","10/20/15",1309,38.7404,-97.58072,10260008,4373.17853009259,2015,0.535
"309","SMOKY-SALINE RIVER BASIN","SC","SC515","1/14/15",930,39.0311,-97.04027,10260008,4094.02644675926,2015,0.825
"310","SMOKY-SALINE RIVER BASIN","SC","SC515","1/14/15",935,39.0311,-97.04027,10260008,4094.02991898148,2015,0.685
"311","SMOKY-SALINE RIVER BASIN","SC","SC515","4/13/15",1635,39.0311,-97.04027,10260008,4183.32158564815,2015,1.675
"312","SMOKY-SALINE RIVER BASIN","SC","SC515","7/21/15",1450,39.0311,-97.04027,10260008,4282.24866898148,2015,1.645
"313","SMOKY-SALINE RIVER BASIN","SC","SC515","10/21/15",954,39.0311,-97.04027,10260008,4374.04311342593,2015,1.245
"314","SMOKY-SALINE RIVER BASIN","SC","SC516","1/14/15",1108,38.94916,-96.85801,10260008,4094.09450231481,2015,0.385
"315","SMOKY-SALINE RIVER BASIN","SC","SC516","4/15/15",1115,38.94916,-96.85801,10260008,4185.09936342593,2015,0.825
"316","SMOKY-SALINE RIVER BASIN","SC","SC516","7/21/15",1517,38.94916,-96.85801,10260008,4282.26741898148,2015,1.525
"317","SMOKY-SALINE RIVER BASIN","SC","SC516","10/21/15",1109,38.94916,-96.85801,10260008,4374.09519675926,2015,0.785
"318","KANSAS/LOWER REPUBLICAN RIVER BASIN","SC","SC517","3/3/15",1351,39.060898,-96.730397,10270101,4142.20769675926,2015,0.515
"319","KANSAS/LOWER REPUBLICAN RIVER BASIN","SC","SC517","6/2/15",1301,39.060898,-96.730397,10270101,4233.17297453704,2015,1.295
"320","KANSAS/LOWER REPUBLICAN RIVER BASIN","SC","SC517","9/8/15",1244,39.060898,-96.730397,10270101,4331.16116898148,2015,1.465
"321","KANSAS/LOWER REPUBLICAN RIVER BASIN","SC","SC517","12/2/15",1251,39.060898,-96.730397,10270101,4416.16603009259,2015,2.825
"322","KANSAS/LOWER REPUBLICAN RIVER BASIN","SC","SC518","3/3/15",1334,39.08988,-96.713961,10270101,4142.1958912037,2015,1.075
"323","KANSAS/LOWER REPUBLICAN RIVER BASIN","SC","SC518","6/2/15",1248,39.08988,-96.713961,10270101,4233.16394675926,2015,1.635
"324","KANSAS/LOWER REPUBLICAN RIVER BASIN","SC","SC518","9/8/15",1229,39.08988,-96.713961,10270101,4331.15075231481,2015,1.095
"325","KANSAS/LOWER REPUBLICAN RIVER BASIN","SC","SC518","12/2/15",1239,39.08988,-96.713961,10270101,4416.15769675926,2015,5.525
"326","KANSAS/LOWER REPUBLICAN RIVER BASIN","SC","SC520","3/3/15",1046,39.256253,-96.249861,10270102,4142.07922453704,2015,0.425
"327","KANSAS/LOWER REPUBLICAN RIVER BASIN","SC","SC520","6/2/15",1002,39.256253,-96.249861,10270102,4233.04866898148,2015,1.545
"328","KANSAS/LOWER REPUBLICAN RIVER BASIN","SC","SC520","9/8/15",1018,39.256253,-96.249861,10270102,4331.05978009259,2015,0.655
"329","KANSAS/LOWER REPUBLICAN RIVER BASIN","SC","SC520","12/2/15",1106,39.256253,-96.249861,10270102,4416.09311342593,2015,3.825
"330","KANSAS/LOWER REPUBLICAN RIVER BASIN","SC","SC521","3/3/15",926,39.089522,-96.006355,10270102,4142.02366898148,2015,0.305
"331","KANSAS/LOWER REPUBLICAN RIVER BASIN","SC","SC521","6/2/15",1437,39.089522,-96.006355,10270102,4233.2396412037,2015,1.055
"332","KANSAS/LOWER REPUBLICAN RIVER BASIN","SC","SC521","9/8/15",907,39.089522,-96.006355,10270102,4331.01047453704,2015,1.005
"333","KANSAS/LOWER REPUBLICAN RIVER BASIN","SC","SC521","12/2/15",936,39.089522,-96.006355,10270102,4416.03061342593,2015,1.235
"334","LOWER ARKANSAS RIVER BASIN","SC","SC522","2/9/15",1309,38.11497,-98.00107,11030011,4120.17853009259,2015,1.455
"335","LOWER ARKANSAS RIVER BASIN","SC","SC522","2/9/15",1314,38.11497,-98.00107,11030011,4120.18200231481,2015,1.465
"336","LOWER ARKANSAS RIVER BASIN","SC","SC522","5/4/15",1339,38.11497,-98.00107,11030011,4204.19936342593,2015,3.67
"337","LOWER ARKANSAS RIVER BASIN","SC","SC522","8/10/15",1329,38.11497,-98.00107,11030011,4302.19241898148,2015,4.425
"338","LOWER ARKANSAS RIVER BASIN","SC","SC522","11/2/15",1403,38.11497,-98.00107,11030011,4386.21603009259,2015,1.85
"339","LOWER ARKANSAS RIVER BASIN","SC","SC523","2/9/15",1331,38.057079,-97.993597,11030010,4120.19380787037,2015,4.035
"340","LOWER ARKANSAS RIVER BASIN","SC","SC523","5/4/15",1400,38.057079,-97.993597,11030010,4204.21394675926,2015,3.025
"341","LOWER ARKANSAS RIVER BASIN","SC","SC523","8/10/15",1346,38.057079,-97.993597,11030010,4302.20422453704,2015,3.985
"342","LOWER ARKANSAS RIVER BASIN","SC","SC523","11/2/15",1420,38.057079,-97.993597,11030010,4386.22783564815,2015,3.97
"343","LOWER ARKANSAS RIVER BASIN","SC","SC524","2/9/15",1406,37.984679,-97.866653,11030010,4120.21811342593,2015,3.215
"344","LOWER ARKANSAS RIVER BASIN","SC","SC524","5/4/15",1447,37.984679,-97.866653,11030010,4204.24658564815,2015,2.925
"345","LOWER ARKANSAS RIVER BASIN","SC","SC524","8/10/15",1437,37.984679,-97.866653,11030010,4302.2396412037,2015,5.225
"346","LOWER ARKANSAS RIVER BASIN","SC","SC524","11/2/15",1513,37.984679,-97.866653,11030010,4386.2646412037,2015,3.44
"347","LOWER ARKANSAS RIVER BASIN","SC","SC525","2/9/15",1434,37.84446,-97.93593,11030014,4120.23755787037,2015,2.145
"348","LOWER ARKANSAS RIVER BASIN","SC","SC525","5/4/15",1519,37.84446,-97.93593,11030014,4204.26880787037,2015,1.675
"349","LOWER ARKANSAS RIVER BASIN","SC","SC525","8/10/15",1503,37.84446,-97.93593,11030014,4302.25769675926,2015,1.515
"350","LOWER ARKANSAS RIVER BASIN","SC","SC525","11/2/15",1545,37.84446,-97.93593,11030014,4386.28686342593,2015,1.125
"351","LOWER ARKANSAS RIVER BASIN","SC","SC526","2/9/15",1536,37.36685,-97.90456,11060005,4120.28061342593,2015,2.485
"352","LOWER ARKANSAS RIVER BASIN","SC","SC526","5/4/15",1645,37.36685,-97.90456,11060005,4204.32853009259,2015,1.285
"353","LOWER ARKANSAS RIVER BASIN","SC","SC526","8/10/15",1612,37.36685,-97.90456,11060005,4302.30561342593,2015,1.495
"354","LOWER ARKANSAS RIVER BASIN","SC","SC526","11/2/15",1651,37.36685,-97.90456,11060005,4386.33269675926,2015,1.125
"355","LOWER ARKANSAS RIVER BASIN","SC","SC527","2/17/15",1407,37.27441,-97.16226,11030013,4128.21880787037,2015,3.415
"356","LOWER ARKANSAS RIVER BASIN","SC","SC527","5/11/15",1335,37.27441,-97.16226,11030013,4211.19658564815,2015,3.498
"357","LOWER ARKANSAS RIVER BASIN","SC","SC527","8/17/15",1317,37.27441,-97.16226,11030013,4309.18408564815,2015,2.395
"358","LOWER ARKANSAS RIVER BASIN","SC","SC527","11/23/15",1403,37.27441,-97.16226,11030013,4407.21603009259,2015,3.875
"359","LOWER ARKANSAS RIVER BASIN","SC","SC528","2/17/15",1446,37.21628,-97.34836,11030013,4128.2458912037,2015,0.735
"360","LOWER ARKANSAS RIVER BASIN","SC","SC528","5/11/15",1403,37.21628,-97.34836,11030013,4211.21603009259,2015,3.03
"361","LOWER ARKANSAS RIVER BASIN","SC","SC528","8/17/15",1345,37.21628,-97.34836,11030013,4309.20353009259,2015,1.215
"362","LOWER ARKANSAS RIVER BASIN","SC","SC528","11/23/15",1433,37.21628,-97.34836,11030013,4407.23686342593,2015,1.005
"363","LOWER ARKANSAS RIVER BASIN","SC","SC528","11/23/15",1438,37.21628,-97.34836,11030013,4407.24033564815,2015,0.985
"364","LOWER ARKANSAS RIVER BASIN","SC","SC529","2/17/15",1533,37.07957,-97.52865,11060005,4128.27853009259,2015,1.935
"365","LOWER ARKANSAS RIVER BASIN","SC","SC529","5/11/15",1447,37.07957,-97.52865,11060005,4211.24658564815,2015,2.025
"366","LOWER ARKANSAS RIVER BASIN","SC","SC529","8/17/15",1429,37.07957,-97.52865,11060005,4309.23408564815,2015,0.805
"367","LOWER ARKANSAS RIVER BASIN","SC","SC529","11/23/15",1521,37.07957,-97.52865,11060005,4407.27019675926,2015,1.685
"368","LOWER ARKANSAS RIVER BASIN","SC","SC530","2/17/15",1600,37.01225,-97.60679,11060005,4128.29728009259,2015,0.385
"369","LOWER ARKANSAS RIVER BASIN","SC","SC530","5/11/15",1509,37.01225,-97.60679,11060005,4211.26186342593,2015,1.9
"370","LOWER ARKANSAS RIVER BASIN","SC","SC530","8/17/15",1452,37.01225,-97.60679,11060005,4309.25005787037,2015,0.525
"371","LOWER ARKANSAS RIVER BASIN","SC","SC530","11/23/15",1545,37.01225,-97.60679,11060005,4407.28686342593,2015,0.355
"372","LOWER ARKANSAS RIVER BASIN","SC","SC531","2/17/15",1722,37.03467,-96.90447,11060001,4128.35422453704,2015,0.175
"373","LOWER ARKANSAS RIVER BASIN","SC","SC531","5/11/15",1629,37.03467,-96.90447,11060001,4211.31741898148,2015,2.155
"374","LOWER ARKANSAS RIVER BASIN","SC","SC531","8/17/15",1607,37.03467,-96.90447,11060001,4309.3021412037,2015,0.825
"375","LOWER ARKANSAS RIVER BASIN","SC","SC531","11/23/15",1708,37.03467,-96.90447,11060001,4407.34450231482,2015,0.585
"376","WALNUT RIVER BASIN","SC","SC532","2/17/15",1803,37.169977,-96.954029,11030018,4128.38269675926,2015,0.835
"377","WALNUT RIVER BASIN","SC","SC532","5/11/15",1659,37.169977,-96.954029,11030018,4211.33825231481,2015,3.13
"378","WALNUT RIVER BASIN","SC","SC532","8/17/15",1642,37.169977,-96.954029,11030018,4309.32644675926,2015,1.425
"379","WALNUT RIVER BASIN","SC","SC532","11/23/15",1747,37.169977,-96.954029,11030018,4407.37158564815,2015,0.675
"380","LOWER ARKANSAS RIVER BASIN","SC","SC536","2/10/15",855,37.81035,-97.42687,11030010,4121.0021412037,2015,2.875
"381","LOWER ARKANSAS RIVER BASIN","SC","SC536","5/5/15",853,37.81035,-97.42687,11030010,4205.00075231482,2015,2.195
"382","LOWER ARKANSAS RIVER BASIN","SC","SC536","8/11/15",746,37.81035,-97.42687,11030010,4302.95422453704,2015,4.525
"383","LOWER ARKANSAS RIVER BASIN","SC","SC536","11/3/15",925,37.81035,-97.42687,11030010,4387.02297453704,2015,1.94
"384","SMOKY-SALINE RIVER BASIN","SC","SC538","1/28/15",1018,38.990597,-98.798204,10260009,4108.05978009259,2015,0.875
"385","SMOKY-SALINE RIVER BASIN","SC","SC538","4/8/15",959,38.990597,-98.798204,10260009,4178.04658564815,2015,2.375
"386","SMOKY-SALINE RIVER BASIN","SC","SC538","4/8/15",1004,38.990597,-98.798204,10260009,4178.05005787037,2015,1.875
"387","SMOKY-SALINE RIVER BASIN","SC","SC538","7/8/15",1032,38.990597,-98.798204,10260009,4269.06950231481,2015,4.175
"388","SMOKY-SALINE RIVER BASIN","SC","SC538","10/7/15",1015,38.990597,-98.798204,10260009,4360.05769675926,2015,2.675
"389","SMOKY-SALINE RIVER BASIN","SC","SC539","1/26/15",1423,38.71137,-99.34801,10260006,4106.22991898148,2015,0.575
"390","SMOKY-SALINE RIVER BASIN","SC","SC539","4/6/15",1414,38.71137,-99.34801,10260006,4176.22366898148,2015,0.925
"391","SMOKY-SALINE RIVER BASIN","SC","SC539","7/6/15",1430,38.71137,-99.34801,10260006,4267.23478009259,2015,1.475
"392","SMOKY-SALINE RIVER BASIN","SC","SC540","1/26/15",1354,38.81295,-99.25093,10260007,4106.20978009259,2015,12.37
"393","SMOKY-SALINE RIVER BASIN","SC","SC540","4/6/15",1343,38.81295,-99.25093,10260007,4176.2021412037,2015,6.989
"394","SMOKY-SALINE RIVER BASIN","SC","SC540","7/6/15",1400,38.81295,-99.25093,10260007,4267.21394675926,2015,3.09
"395","SMOKY-SALINE RIVER BASIN","SC","SC540","10/5/15",1440,38.81295,-99.25093,10260007,4358.24172453704,2015,19.12
"396","SMOKY-SALINE RIVER BASIN","SC","SC541","1/26/15",1452,38.88515,-99.35458,10260007,4106.25005787037,2015,0.495
"397","SMOKY-SALINE RIVER BASIN","SC","SC541","4/6/15",1443,38.88515,-99.35458,10260007,4176.24380787037,2015,0.965
"398","SOLOMON RIVER BASIN","SC","SC542","1/27/15",1031,39.441793,-98.78697,10260014,4107.06880787037,2015,0.995
"399","SOLOMON RIVER BASIN","SC","SC542","4/7/15",941,39.441793,-98.78697,10260014,4177.03408564815,2015,1.685
"400","SOLOMON RIVER BASIN","SC","SC542","7/7/15",930,39.441793,-98.78697,10260014,4268.02644675926,2015,1.983
"401","SOLOMON RIVER BASIN","SC","SC542","10/6/15",936,39.441793,-98.78697,10260014,4359.03061342593,2015,1.365
"402","SOLOMON RIVER BASIN","SC","SC543","1/27/15",1101,39.427536,-98.657546,10260014,4107.0896412037,2015,1.475
"403","SOLOMON RIVER BASIN","SC","SC543","4/7/15",1013,39.427536,-98.657546,10260014,4177.05630787037,2015,2.372
"404","SOLOMON RIVER BASIN","SC","SC543","7/7/15",1001,39.427536,-98.657546,10260014,4268.04797453704,2015,5.02
"405","SOLOMON RIVER BASIN","SC","SC543","10/6/15",1007,39.427536,-98.657546,10260014,4359.0521412037,2015,2.435
"406","SOLOMON RIVER BASIN","SC","SC545","1/27/15",1450,39.553497,-99.323067,10260011,4107.24866898148,2015,0.735
"407","SOLOMON RIVER BASIN","SC","SC545","4/7/15",1448,39.553497,-99.323067,10260011,4177.24728009259,2015,0.635
"408","SOLOMON RIVER BASIN","SC","SC545","7/7/15",1559,39.553497,-99.323067,10260011,4268.29658564815,2015,1.385
"409","SOLOMON RIVER BASIN","SC","SC545","10/6/15",1351,39.553497,-99.323067,10260011,4359.20769675926,2015,1.775
"410","SOLOMON RIVER BASIN","SC","SC546","1/27/15",1424,39.67353,-99.30924,10260011,4107.23061342593,2015,0.565
"411","SOLOMON RIVER BASIN","SC","SC546","4/7/15",1427,39.67353,-99.30924,10260011,4177.23269675926,2015,0.645
"412","SOLOMON RIVER BASIN","SC","SC546","7/7/15",1531,39.67353,-99.30924,10260011,4268.2771412037,2015,1.215
"413","SOLOMON RIVER BASIN","SC","SC547","1/27/15",1534,39.37388,-99.58515,10260013,4107.27922453704,2015,0.965
"414","SOLOMON RIVER BASIN","SC","SC547","4/7/15",1545,39.37388,-99.58515,10260013,4177.28686342593,2015,0.905
"415","SOLOMON RIVER BASIN","SC","SC547","7/7/15",1644,39.37388,-99.58515,10260013,4268.32783564815,2015,1.738
"416","SOLOMON RIVER BASIN","SC","SC547","10/6/15",1432,39.37388,-99.58515,10260013,4359.23616898148,2015,1.385
"417","SMOKY-SALINE RIVER BASIN","SC","SC548","1/27/15",851,39.10329,-99.30819,10260009,4106.99936342593,2015,0.735
"418","SMOKY-SALINE RIVER BASIN","SC","SC548","4/7/15",812,39.10329,-99.30819,10260009,4176.97228009259,2015,0.655
"419","SMOKY-SALINE RIVER BASIN","SC","SC548","7/7/15",757,39.10329,-99.30819,10260009,4267.96186342593,2015,0.965
"420","SMOKY-SALINE RIVER BASIN","SC","SC548","10/6/15",806,39.10329,-99.30819,10260009,4358.96811342593,2015,1.145
"421","UPPER REPUBLICAN RIVER BASIN","SC","SC549","4/7/15",1521,39.77057,-100.07719,10250015,4177.27019675926,2015,0.965
"422","UPPER REPUBLICAN RIVER BASIN","SC","SC549","7/7/15",1512,39.77057,-100.07719,10250015,4268.26394675926,2015,2.51
"423","SMOKY-SALINE RIVER BASIN","SC","SC550","1/26/15",908,38.78535,-99.89353,10260003,4106.01116898148,2015,1.285
"424","SMOKY-SALINE RIVER BASIN","SC","SC550","4/6/15",1009,38.78535,-99.89353,10260003,4176.05353009259,2015,1.015
"425","SMOKY-SALINE RIVER BASIN","SC","SC550","7/6/15",932,38.78535,-99.89353,10260003,4267.02783564815,2015,1.585
"426","KANSAS/LOWER REPUBLICAN RIVER BASIN","SC","SC551","3/3/15",953,39.18244,-95.95212,10270102,4142.04241898148,2015,0.325
"427","KANSAS/LOWER REPUBLICAN RIVER BASIN","SC","SC551","6/2/15",912,39.18244,-95.95212,10270102,4233.01394675926,2015,1.445
"428","KANSAS/LOWER REPUBLICAN RIVER BASIN","SC","SC551","9/8/15",932,39.18244,-95.95212,10270102,4331.02783564815,2015,1.425
"429","KANSAS/LOWER REPUBLICAN RIVER BASIN","SC","SC551","12/2/15",1014,39.18244,-95.95212,10270102,4416.05700231481,2015,2.325
"430","KANSAS/LOWER REPUBLICAN RIVER BASIN","SC","SC554","1/5/15",1453,39.40482,-95.5021,10270103,4085.25075231481,2015,2.229
"431","KANSAS/LOWER REPUBLICAN RIVER BASIN","SC","SC554","4/20/15",1720,39.40482,-95.5021,10270103,4190.35283564815,2015,1.625
"432","KANSAS/LOWER REPUBLICAN RIVER BASIN","SC","SC554","7/13/15",1707,39.40482,-95.5021,10270103,4274.34380787037,2015,2.235
"433","KANSAS/LOWER REPUBLICAN RIVER BASIN","SC","SC554","10/12/15",1714,39.40482,-95.5021,10270103,4365.34866898148,2015,0.835
"434","MARAIS DES CYGNES RIVER BASIN","SC","SC555","3/18/15",1458,38.596973,-95.378526,10290101,4157.25422453704,2015,0.585
"435","MARAIS DES CYGNES RIVER BASIN","SC","SC555","6/16/15",1450,38.596973,-95.378526,10290101,4247.24866898148,2015,0.925
"436","MARAIS DES CYGNES RIVER BASIN","SC","SC555","9/15/15",1529,38.596973,-95.378526,10290101,4338.27575231481,2015,0.955
"437","MARAIS DES CYGNES RIVER BASIN","SC","SC555","12/8/15",1419,38.596973,-95.378526,10290101,4422.2271412037,2015,1.335
"438","MARAIS DES CYGNES RIVER BASIN","SC","SC556","3/18/15",1234,38.48656,-95.0118,10290101,4157.15422453704,2015,0.695
"439","MARAIS DES CYGNES RIVER BASIN","SC","SC556","6/16/15",1318,38.48656,-95.0118,10290101,4247.18478009259,2015,1.195
"440","MARAIS DES CYGNES RIVER BASIN","SC","SC556","9/15/15",1336,38.48656,-95.0118,10290101,4338.19728009259,2015,0.995
"441","MARAIS DES CYGNES RIVER BASIN","SC","SC556","12/8/15",1249,38.48656,-95.0118,10290101,4422.1646412037,2015,1.525
"442","MARAIS DES CYGNES RIVER BASIN","SC","SC557","3/18/15",1138,38.50525,-94.85319,10290102,4157.11533564815,2015,0.865
"443","MARAIS DES CYGNES RIVER BASIN","SC","SC557","6/16/15",1230,38.50525,-94.85319,10290102,4247.15144675926,2015,1.175
"444","MARAIS DES CYGNES RIVER BASIN","SC","SC557","9/15/15",1215,38.50525,-94.85319,10290102,4338.14103009259,2015,1.485
"445","MARAIS DES CYGNES RIVER BASIN","SC","SC557","12/8/15",1201,38.50525,-94.85319,10290102,4422.13130787037,2015,1.115
"446","NEOSHO RIVER BASIN","SC","SC560","3/17/15",1116,37.73067,-95.44198,11070204,4156.10005787037,2015,0.715
"447","NEOSHO RIVER BASIN","SC","SC560","6/15/15",1106,37.73067,-95.44198,11070204,4246.09311342593,2015,0.875
"448","NEOSHO RIVER BASIN","SC","SC560","9/14/15",1109,37.73067,-95.44198,11070204,4337.09519675926,2015,1.115
"449","NEOSHO RIVER BASIN","SC","SC560","12/7/15",1048,37.73067,-95.44198,11070204,4421.08061342593,2015,1.065
"450","VERDIGRIS RIVER BASIN","SC","SC561","3/24/15",1022,37.52999,-95.67501,11070101,4163.06255787037,2015,0.665
"451","VERDIGRIS RIVER BASIN","SC","SC561","6/23/15",1140,37.52999,-95.67501,11070101,4254.11672453704,2015,0.925
"452","VERDIGRIS RIVER BASIN","SC","SC561","9/22/15",1019,37.52999,-95.67501,11070101,4345.06047453704,2015,0.745
"453","VERDIGRIS RIVER BASIN","SC","SC561","12/16/15",1033,37.52999,-95.67501,11070101,4430.07019675926,2015,1.665
"454","VERDIGRIS RIVER BASIN","SC","SC562","3/24/15",954,37.43219,-95.72315,11070102,4163.04311342593,2015,0.575
"455","VERDIGRIS RIVER BASIN","SC","SC562","3/24/15",959,37.43219,-95.72315,11070102,4163.04658564815,2015,0.595
"456","VERDIGRIS RIVER BASIN","SC","SC562","6/23/15",1055,37.43219,-95.72315,11070102,4254.08547453704,2015,0.945
"457","VERDIGRIS RIVER BASIN","SC","SC562","9/22/15",955,37.43219,-95.72315,11070102,4345.04380787037,2015,0.785
"458","VERDIGRIS RIVER BASIN","SC","SC562","12/16/15",1010,37.43219,-95.72315,11070102,4430.05422453704,2015,1.485
"459","VERDIGRIS RIVER BASIN","SC","SC563","3/24/15",808,37.17256,-95.65707,11070103,4162.96950231482,2015,0.715
"460","VERDIGRIS RIVER BASIN","SC","SC563","6/23/15",903,37.17256,-95.65707,11070103,4254.00769675926,2015,0.785
"461","VERDIGRIS RIVER BASIN","SC","SC563","9/22/15",807,37.17256,-95.65707,11070103,4344.96880787037,2015,0.945
"462","VERDIGRIS RIVER BASIN","SC","SC563","12/16/15",820,37.17256,-95.65707,11070103,4429.97783564815,2015,1.725
"463","NEOSHO RIVER BASIN","SC","SC564","3/17/15",1313,37.22995,-95.1975,11070205,4156.18130787037,2015,0.775
"464","NEOSHO RIVER BASIN","SC","SC564","6/15/15",1322,37.22995,-95.1975,11070205,4246.18755787037,2015,1.315
"465","NEOSHO RIVER BASIN","SC","SC564","9/14/15",1306,37.22995,-95.1975,11070205,4337.17644675926,2015,1.015
"466","NEOSHO RIVER BASIN","SC","SC564","12/7/15",1216,37.22995,-95.1975,11070205,4421.14172453704,2015,1.405
"467","NEOSHO RIVER BASIN","SC","SC565","3/17/15",1356,37.23734,-95.04356,11070205,4156.21116898148,2015,0.765
"468","NEOSHO RIVER BASIN","SC","SC565","6/15/15",1400,37.23734,-95.04356,11070205,4246.21394675926,2015,1.365
"469","NEOSHO RIVER BASIN","SC","SC565","6/15/15",1405,37.23734,-95.04356,11070205,4246.21741898148,2015,1.365
"470","NEOSHO RIVER BASIN","SC","SC565","9/14/15",1336,37.23734,-95.04356,11070205,4337.19728009259,2015,1.285
"471","NEOSHO RIVER BASIN","SC","SC565","12/7/15",1251,37.23734,-95.04356,11070205,4421.16603009259,2015,1.155
"472","NEOSHO RIVER BASIN","SC","SC566","3/17/15",1416,37.165,-95.06249,11070205,4156.22505787037,2015,0.685
"473","NEOSHO RIVER BASIN","SC","SC566","6/15/15",1428,37.165,-95.06249,11070205,4246.2333912037,2015,1.025
"474","NEOSHO RIVER BASIN","SC","SC566","9/14/15",1400,37.165,-95.06249,11070205,4337.21394675926,2015,0.935
"475","NEOSHO RIVER BASIN","SC","SC566","12/7/15",1308,37.165,-95.06249,11070205,4421.17783564815,2015,1.745
"476","NEOSHO RIVER BASIN","SC","SC567","3/17/15",1646,37.22206,-94.65349,11070207,4156.32922453704,2015,1.365
"477","NEOSHO RIVER BASIN","SC","SC567","6/15/15",1723,37.22206,-94.65349,11070207,4246.35491898148,2015,1.545
"478","NEOSHO RIVER BASIN","SC","SC567","9/14/15",1635,37.22206,-94.65349,11070207,4337.32158564815,2015,1.725
"479","NEOSHO RIVER BASIN","SC","SC567","12/7/15",1625,37.22206,-94.65349,11070207,4421.3146412037,2015,1.395
"480","NEOSHO RIVER BASIN","SC","SC568","3/17/15",1640,37.178622,-94.641735,11070207,4156.32505787037,2015,3.225
"481","NEOSHO RIVER BASIN","SC","SC568","6/15/15",1703,37.178622,-94.641735,11070207,4246.34103009259,2015,2.565
"482","NEOSHO RIVER BASIN","SC","SC568","9/14/15",1615,37.178622,-94.641735,11070207,4337.30769675926,2015,2.305
"483","NEOSHO RIVER BASIN","SC","SC568","12/7/15",1547,37.178622,-94.641735,11070207,4421.28825231481,2015,3.105
"484","NEOSHO RIVER BASIN","SC","SC568","12/7/15",1552,37.178622,-94.641735,11070207,4421.29172453704,2015,3.045
"485","NEOSHO RIVER BASIN","SC","SC571","3/17/15",1447,37.07454,-95.10293,11070205,4156.24658564815,2015,1.045
"486","NEOSHO RIVER BASIN","SC","SC571","6/15/15",1451,37.07454,-95.10293,11070205,4246.24936342593,2015,1.365
"487","NEOSHO RIVER BASIN","SC","SC571","9/14/15",1420,37.07454,-95.10293,11070205,4337.22783564815,2015,1.275
"488","NEOSHO RIVER BASIN","SC","SC571","12/7/15",1342,37.07454,-95.10293,11070205,4421.20144675926,2015,1.355
"489","VERDIGRIS RIVER BASIN","SC","SC572","3/23/15",1716,37.00794,-95.95814,11070106,4162.35005787037,2015,0.905
"490","VERDIGRIS RIVER BASIN","SC","SC572","6/22/15",1644,37.00794,-95.95814,11070106,4253.32783564815,2015,0.905
"491","VERDIGRIS RIVER BASIN","SC","SC572","9/21/15",1726,37.00794,-95.95814,11070106,4344.35700231481,2015,0.965
"492","VERDIGRIS RIVER BASIN","SC","SC572","12/15/15",1521,37.00794,-95.95814,11070106,4429.27019675926,2015,1.245
"493","VERDIGRIS RIVER BASIN","SC","SC573","3/24/15",858,37.29177,-95.91828,11070104,4163.00422453704,2015,0.585
"494","VERDIGRIS RIVER BASIN","SC","SC573","6/23/15",950,37.29177,-95.91828,11070104,4254.04033564815,2015,0.855
"495","VERDIGRIS RIVER BASIN","SC","SC573","6/23/15",955,37.29177,-95.91828,11070104,4254.04380787037,2015,0.815
"496","VERDIGRIS RIVER BASIN","SC","SC573","9/22/15",848,37.29177,-95.91828,11070104,4344.99728009259,2015,0.915
"497","VERDIGRIS RIVER BASIN","SC","SC573","9/22/15",853,37.29177,-95.91828,11070104,4345.00075231482,2015,0.835
"498","VERDIGRIS RIVER BASIN","SC","SC573","12/16/15",903,37.29177,-95.91828,11070104,4430.00769675926,2015,1.295
"499","VERDIGRIS RIVER BASIN","SC","SC574","3/23/15",1307,37.708646,-96.223694,11070102,4162.1771412037,2015,0.485
"500","VERDIGRIS RIVER BASIN","SC","SC574","6/22/15",1234,37.708646,-96.223694,11070102,4253.15422453704,2015,0.575
"501","VERDIGRIS RIVER BASIN","SC","SC574","9/21/15",1330,37.708646,-96.223694,11070102,4344.19311342593,2015,0.785
"502","VERDIGRIS RIVER BASIN","SC","SC574","12/15/15",1125,37.708646,-96.223694,11070102,4429.10630787037,2015,1.195
"503","VERDIGRIS RIVER BASIN","SC","SC575","3/23/15",1251,37.75437,-96.19387,11070102,4162.16603009259,2015,0.655
"504","VERDIGRIS RIVER BASIN","SC","SC575","6/22/15",1217,37.75437,-96.19387,11070102,4253.14241898148,2015,0.495
"505","VERDIGRIS RIVER BASIN","SC","SC575","9/21/15",1314,37.75437,-96.19387,11070102,4344.18200231481,2015,0.785
"506","VERDIGRIS RIVER BASIN","SC","SC575","12/15/15",1112,37.75437,-96.19387,11070102,4429.09728009259,2015,1.205
"507","VERDIGRIS RIVER BASIN","SC","SC576","3/23/15",1220,37.82182,-96.07647,11070101,4162.14450231481,2015,0.555
"508","VERDIGRIS RIVER BASIN","SC","SC576","6/22/15",1148,37.82182,-96.07647,11070101,4253.12228009259,2015,0.515
"509","VERDIGRIS RIVER BASIN","SC","SC576","9/21/15",1245,37.82182,-96.07647,11070101,4344.16186342593,2015,0.745
"510","VERDIGRIS RIVER BASIN","SC","SC576","12/15/15",1043,37.82182,-96.07647,11070101,4429.0771412037,2015,1.275
"511","MARAIS DES CYGNES RIVER BASIN","SC","SC577","2/2/15",1252,38.69917,-95.77882,10290101,4113.16672453704,2015,0.665
"512","MARAIS DES CYGNES RIVER BASIN","SC","SC577","5/26/15",1329,38.69917,-95.77882,10290101,4226.19241898148,2015,2.205
"513","MARAIS DES CYGNES RIVER BASIN","SC","SC577","8/3/15",1328,38.69917,-95.77882,10290101,4295.19172453704,2015,0.815
"514","MARAIS DES CYGNES RIVER BASIN","SC","SC577","11/4/15",1216,38.69917,-95.77882,10290101,4388.14172453704,2015,0.695
"515","NEOSHO RIVER BASIN","SC","SC580","2/3/15",1002,38.405616,-96.098951,11070201,4114.04866898148,2015,1.315
"516","NEOSHO RIVER BASIN","SC","SC580","5/27/15",1013,38.405616,-96.098951,11070201,4227.05630787037,2015,1.955
"517","NEOSHO RIVER BASIN","SC","SC580","8/4/15",1005,38.405616,-96.098951,11070201,4296.05075231481,2015,0.985
"518","NEOSHO RIVER BASIN","SC","SC580","11/9/15",1013,38.405616,-96.098951,11070201,4393.05630787037,2015,0.615
"519","NEOSHO RIVER BASIN","SC","SC580","11/9/15",1018,38.405616,-96.098951,11070201,4393.05978009259,2015,0.675
"520","NEOSHO RIVER BASIN","SC","SC581","2/2/15",1049,38.47142,-96.25293,11070201,4113.08130787037,2015,0.355
"521","NEOSHO RIVER BASIN","SC","SC581","5/26/15",1125,38.47142,-96.25293,11070201,4226.10630787037,2015,3.545
"522","NEOSHO RIVER BASIN","SC","SC581","8/3/15",1145,38.47142,-96.25293,11070201,4295.12019675926,2015,0.985
"523","NEOSHO RIVER BASIN","SC","SC581","11/4/15",1025,38.47142,-96.25293,11070201,4388.0646412037,2015,0.735
"524","NEOSHO RIVER BASIN","SC","SC582","2/3/15",1152,38.28564,-96.51242,11070203,4114.12505787037,2015,0.175
"525","NEOSHO RIVER BASIN","SC","SC582","5/27/15",1206,38.28564,-96.51242,11070203,4227.13478009259,2015,0.905
"526","NEOSHO RIVER BASIN","SC","SC582","8/4/15",1128,38.28564,-96.51242,11070203,4296.1083912037,2015,0.605
"527","NEOSHO RIVER BASIN","SC","SC582","11/9/15",1201,38.28564,-96.51242,11070203,4393.13130787037,2015,0.425
"528","UPPER ARKANSAS RIVER BASIN","SC","SC584","8/24/15",1143,38.305606,-98.866463,11030004,4316.11880787037,2015,4
"529","UPPER ARKANSAS RIVER BASIN","SC","SC585","8/24/15",1518,38.18208,-99.18691,11030005,4316.26811342593,2015,1.685
"530","UPPER ARKANSAS RIVER BASIN","SC","SC587","2/23/15",1520,37.927983,-99.375375,11030004,4134.26950231481,2015,3.03
"531","UPPER ARKANSAS RIVER BASIN","SC","SC587","5/18/15",1505,37.927983,-99.375375,11030004,4218.25908564815,2015,2.09
"532","UPPER ARKANSAS RIVER BASIN","SC","SC587","8/24/15",1647,37.927983,-99.375375,11030004,4316.32991898148,2015,1.721
"533","UPPER ARKANSAS RIVER BASIN","SC","SC587","11/16/15",1533,37.927983,-99.375375,11030004,4400.27853009259,2015,2.105
"534","LOWER ARKANSAS RIVER BASIN","SC","SC588","2/23/15",1634,37.453939,-99.08385,11060003,4134.3208912037,2015,1.705
"535","LOWER ARKANSAS RIVER BASIN","SC","SC588","5/18/15",1618,37.453939,-99.08385,11060003,4218.30978009259,2015,1.845
"536","LOWER ARKANSAS RIVER BASIN","SC","SC588","8/24/15",1800,37.453939,-99.08385,11060003,4316.38061342593,2015,1.635
"537","LOWER ARKANSAS RIVER BASIN","SC","SC588","11/16/15",1650,37.453939,-99.08385,11060003,4400.33200231481,2015,1.965
"538","LOWER ARKANSAS RIVER BASIN","SC","SC591","2/24/15",1213,37.006,-98.844136,11060002,4135.1396412037,2015,0.355
"539","LOWER ARKANSAS RIVER BASIN","SC","SC591","2/24/15",1218,37.006,-98.844136,11060002,4135.14311342593,2015,0.465
"540","LOWER ARKANSAS RIVER BASIN","SC","SC591","5/19/15",1439,37.006,-98.844136,11060002,4219.24103009259,2015,0.525
"541","LOWER ARKANSAS RIVER BASIN","SC","SC591","8/25/15",1337,37.006,-98.844136,11060002,4317.19797453704,2015,0.905
"542","LOWER ARKANSAS RIVER BASIN","SC","SC591","11/17/15",1331,37.006,-98.844136,11060002,4401.19380787037,2015,0.595
"543","LOWER ARKANSAS RIVER BASIN","SC","SC591","11/17/15",1336,37.006,-98.844136,11060002,4401.19728009259,2015,0.535
"544","CIMARRON RIVER BASIN","SC","SC592","2/24/15",1018,37.02635,-99.48242,11040008,4135.05978009259,2015,0.355
"545","CIMARRON RIVER BASIN","SC","SC592","5/19/15",1150,37.02635,-99.48242,11040008,4219.12366898148,2015,1.175
"546","CIMARRON RIVER BASIN","SC","SC592","8/25/15",1130,37.02635,-99.48242,11040008,4317.10978009259,2015,0.605
"547","CIMARRON RIVER BASIN","SC","SC592","8/25/15",1135,37.02635,-99.48242,11040008,4317.11325231481,2015,0.605
"548","CIMARRON RIVER BASIN","SC","SC592","11/17/15",1109,37.02635,-99.48242,11040008,4401.09519675926,2015,0.525
"549","CIMARRON RIVER BASIN","SC","SC593","2/24/15",1025,37.03014,-99.47889,11040008,4135.0646412037,2015,0.385
"550","CIMARRON RIVER BASIN","SC","SC593","5/19/15",1158,37.03014,-99.47889,11040008,4219.12922453704,2015,1.57
"551","CIMARRON RIVER BASIN","SC","SC593","8/25/15",1152,37.03014,-99.47889,11040008,4317.12505787037,2015,0.675
"552","CIMARRON RIVER BASIN","SC","SC593","11/17/15",1114,37.03014,-99.47889,11040008,4401.09866898148,2015,0.375
"553","UPPER ARKANSAS RIVER BASIN","SC","SC595","2/23/15",1314,38.45259,-99.919406,11030007,4134.18200231481,2015,0.545
"554","UPPER ARKANSAS RIVER BASIN","SC","SC595","5/18/15",1256,38.45259,-99.919406,11030007,4218.16950231481,2015,0.855
"555","UPPER ARKANSAS RIVER BASIN","SC","SC595","8/24/15",1352,38.45259,-99.919406,11030007,4316.2083912037,2015,1.145
"556","UPPER ARKANSAS RIVER BASIN","SC","SC595","11/16/15",1322,38.45259,-99.919406,11030007,4400.18755787037,2015,0.625
"557","UPPER ARKANSAS RIVER BASIN","SC","SC596","2/23/15",1239,38.46775,-99.56697,11030008,4134.15769675926,2015,0.435
"558","UPPER ARKANSAS RIVER BASIN","SC","SC596","5/18/15",1225,38.46775,-99.56697,11030008,4218.14797453704,2015,1.61
"559","UPPER ARKANSAS RIVER BASIN","SC","SC596","8/24/15",1305,38.46775,-99.56697,11030008,4316.17575231481,2015,1.375
"560","UPPER ARKANSAS RIVER BASIN","SC","SC598","5/18/15",1000,37.96984,-101.12888,11030001,4218.04728009259,2015,3.825
"561","UPPER ARKANSAS RIVER BASIN","SC","SC598","8/24/15",1010,37.96984,-101.12888,11030001,4316.05422453704,2015,2.125
"562","UPPER ARKANSAS RIVER BASIN","SC","SC598","11/16/15",958,37.96984,-101.12888,11030001,4400.0458912037,2015,2.825
"563","CIMARRON RIVER BASIN","SC","SC600","5/18/15",1508,37.032942,-100.211005,11040007,4218.26116898148,2015,0.745
"564","CIMARRON RIVER BASIN","SC","SC600","8/24/15",1525,37.032942,-100.211005,11040007,4316.27297453704,2015,1.475
"565","CIMARRON RIVER BASIN","SC","SC600","11/16/15",1705,37.032942,-100.211005,11040007,4400.34241898148,2015,0.725
"566","KANSAS/LOWER REPUBLICAN RIVER BASIN","SC","SC602","1/5/15",832,39.27971,-95.10509,10270104,4084.98616898148,2015,2.095
"567","KANSAS/LOWER REPUBLICAN RIVER BASIN","SC","SC602","4/20/15",830,39.27971,-95.10509,10270104,4189.98478009259,2015,8.52
"568","KANSAS/LOWER REPUBLICAN RIVER BASIN","SC","SC602","7/13/15",847,39.27971,-95.10509,10270104,4273.99658564815,2015,2.475
"569","KANSAS/LOWER REPUBLICAN RIVER BASIN","SC","SC602","10/12/15",912,39.27971,-95.10509,10270104,4365.01394675926,2015,0.605
"570","NEOSHO RIVER BASIN","SC","SC609","3/17/15",1012,37.973487,-95.40896,11070204,4156.05561342593,2015,0.645
"571","NEOSHO RIVER BASIN","SC","SC609","6/15/15",1005,37.973487,-95.40896,11070204,4246.05075231481,2015,1.255
"572","NEOSHO RIVER BASIN","SC","SC609","9/14/15",1005,37.973487,-95.40896,11070204,4337.05075231481,2015,1.085
"573","NEOSHO RIVER BASIN","SC","SC609","12/7/15",956,37.973487,-95.40896,11070204,4421.04450231481,2015,1.625
"574","NEOSHO RIVER BASIN","SC","SC610","3/17/15",1046,37.80417,-95.47138,11070204,4156.07922453704,2015,0.735
"575","NEOSHO RIVER BASIN","SC","SC610","3/17/15",1051,37.80417,-95.47138,11070204,4156.08269675926,2015,0.785
"576","NEOSHO RIVER BASIN","SC","SC610","6/15/15",1040,37.80417,-95.47138,11070204,4246.07505787037,2015,1.055
"577","NEOSHO RIVER BASIN","SC","SC610","9/14/15",1038,37.80417,-95.47138,11070204,4337.07366898148,2015,1.885
"578","NEOSHO RIVER BASIN","SC","SC610","9/14/15",1043,37.80417,-95.47138,11070204,4337.0771412037,2015,1.785
"579","NEOSHO RIVER BASIN","SC","SC610","12/7/15",1029,37.80417,-95.47138,11070204,4421.06741898148,2015,1.805
"580","MARAIS DES CYGNES RIVER BASIN","SC","SC616","3/18/15",1311,38.62265,-95.19721,10290101,4157.17991898148,2015,0.805
"581","MARAIS DES CYGNES RIVER BASIN","SC","SC616","6/16/15",1352,38.62265,-95.19721,10290101,4247.2083912037,2015,1.265
"582","MARAIS DES CYGNES RIVER BASIN","SC","SC616","9/15/15",1418,38.62265,-95.19721,10290101,4338.22644675926,2015,1.275
"583","MARAIS DES CYGNES RIVER BASIN","SC","SC616","12/8/15",1323,38.62265,-95.19721,10290101,4422.18825231482,2015,1.385
"584","LOWER ARKANSAS RIVER BASIN","SC","SC618","2/24/15",1456,37.10174,-97.96586,11060005,4135.25283564815,2015,1.365
"585","LOWER ARKANSAS RIVER BASIN","SC","SC618","8/25/15",1541,37.10174,-97.96586,11060005,4317.28408564815,2015,1.025
"586","LOWER ARKANSAS RIVER BASIN","SC","SC618","11/17/15",1539,37.10174,-97.96586,11060005,4401.28269675926,2015,0.725
"587","LOWER ARKANSAS RIVER BASIN","SC","SC619","2/24/15",1414,37.065114,-98.22056,11060004,4135.22366898148,2015,0.545
"588","LOWER ARKANSAS RIVER BASIN","SC","SC619","5/19/15",1642,37.065114,-98.22056,11060004,4219.32644675926,2015,1.285
"589","LOWER ARKANSAS RIVER BASIN","SC","SC619","8/25/15",1503,37.065114,-98.22056,11060004,4317.25769675926,2015,0.755
"590","LOWER ARKANSAS RIVER BASIN","SC","SC619","11/17/15",1505,37.065114,-98.22056,11060004,4401.25908564815,2015,0.695
"591","LOWER ARKANSAS RIVER BASIN","SC","SC620","2/24/15",1353,37.06514,-98.28392,11060004,4135.20908564815,2015,0.555
"592","LOWER ARKANSAS RIVER BASIN","SC","SC620","5/19/15",1618,37.06514,-98.28392,11060004,4219.30978009259,2015,1.5
"593","LOWER ARKANSAS RIVER BASIN","SC","SC620","8/25/15",1442,37.06514,-98.28392,11060004,4317.24311342593,2015,0.865
"594","LOWER ARKANSAS RIVER BASIN","SC","SC620","11/17/15",1451,37.06514,-98.28392,11060004,4401.24936342593,2015,0.885
"595","LOWER ARKANSAS RIVER BASIN","SC","SC623","2/24/15",1118,37.12126,-99.17063,11060002,4135.10144675926,2015,0.455
"596","LOWER ARKANSAS RIVER BASIN","SC","SC623","8/25/15",1238,37.12126,-99.17063,11060002,4317.15700231482,2015,0.535
"597","LOWER ARKANSAS RIVER BASIN","SC","SC623","11/17/15",1217,37.12126,-99.17063,11060002,4401.14241898148,2015,1.355
"598","NEOSHO RIVER BASIN","SC","SC625","2/3/15",1304,38.394,-96.62651,11070203,4114.17505787037,2015,0.405
"599","NEOSHO RIVER BASIN","SC","SC625","5/27/15",1329,38.394,-96.62651,11070203,4227.19241898148,2015,1.275
"600","NEOSHO RIVER BASIN","SC","SC625","8/4/15",1257,38.394,-96.62651,11070203,4296.17019675926,2015,0.565
"601","NEOSHO RIVER BASIN","SC","SC625","11/9/15",1259,38.394,-96.62651,11070203,4393.17158564815,2015,0.485
"602","NEOSHO RIVER BASIN","SC","SC626","2/3/15",1246,38.38665,-96.68846,11070203,4114.16255787037,2015,0.175
"603","NEOSHO RIVER BASIN","SC","SC626","5/27/15",1306,38.38665,-96.68846,11070203,4227.17644675926,2015,1.115
"604","NEOSHO RIVER BASIN","SC","SC626","5/27/15",1311,38.38665,-96.68846,11070203,4227.17991898148,2015,1.025
"605","NEOSHO RIVER BASIN","SC","SC626","8/4/15",1243,38.38665,-96.68846,11070203,4296.16047453704,2015,0.645
"606","NEOSHO RIVER BASIN","SC","SC626","11/9/15",1244,38.38665,-96.68846,11070203,4393.16116898148,2015,0.415
"607","NEOSHO RIVER BASIN","SC","SC627","2/3/15",1229,38.36978,-96.63024,11070203,4114.15075231481,2015,0.495
"608","NEOSHO RIVER BASIN","SC","SC627","5/27/15",1249,38.36978,-96.63024,11070203,4227.1646412037,2015,2.005
"609","NEOSHO RIVER BASIN","SC","SC627","8/4/15",1226,38.36978,-96.63024,11070203,4296.14866898148,2015,1.545
"610","NEOSHO RIVER BASIN","SC","SC627","11/9/15",1228,38.36978,-96.63024,11070203,4393.15005787037,2015,0.585
"611","NEOSHO RIVER BASIN","SC","SC628","2/2/15",1136,38.43658,-96.17069,11070201,4113.11394675926,2015,2.265
"612","NEOSHO RIVER BASIN","SC","SC628","5/26/15",1157,38.43658,-96.17069,11070201,4226.12853009259,2015,1.715
"613","NEOSHO RIVER BASIN","SC","SC628","8/3/15",1208,38.43658,-96.17069,11070201,4295.13616898148,2015,0.975
"614","NEOSHO RIVER BASIN","SC","SC628","11/4/15",1048,38.43658,-96.17069,11070201,4388.08061342593,2015,0.765
"615","NEOSHO RIVER BASIN","SC","SC629","2/2/15",1006,38.582002,-96.375275,11070201,4113.05144675926,2015,0.395
"616","NEOSHO RIVER BASIN","SC","SC629","2/2/15",1011,38.582002,-96.375275,11070201,4113.05491898148,2015,0.365
"617","NEOSHO RIVER BASIN","SC","SC629","5/26/15",1048,38.582002,-96.375275,11070201,4226.08061342593,2015,2.485
"618","NEOSHO RIVER BASIN","SC","SC629","8/3/15",1112,38.582002,-96.375275,11070201,4295.09728009259,2015,0.885
"619","NEOSHO RIVER BASIN","SC","SC629","11/4/15",949,38.582002,-96.375275,11070201,4388.0396412037,2015,0.725
"620","NEOSHO RIVER BASIN","SC","SC629","11/4/15",954,38.582002,-96.375275,11070201,4388.04311342593,2015,0.755
"621","NEOSHO RIVER BASIN","SC","SC630","2/2/15",946,38.6127,-96.46189,11070201,4113.03755787037,2015,0.175
"622","NEOSHO RIVER BASIN","SC","SC630","5/26/15",1028,38.6127,-96.46189,11070201,4226.06672453704,2015,1.815
"623","NEOSHO RIVER BASIN","SC","SC630","8/3/15",1049,38.6127,-96.46189,11070201,4295.08130787037,2015,0.465
"624","NEOSHO RIVER BASIN","SC","SC630","8/3/15",1054,38.6127,-96.46189,11070201,4295.08478009259,2015,0.465
"625","NEOSHO RIVER BASIN","SC","SC630","11/4/15",919,38.6127,-96.46189,11070201,4388.01880787037,2015,0.405
"626","KANSAS/LOWER REPUBLICAN RIVER BASIN","SC","SC638","3/2/15",1300,38.94317,-95.06243,10270104,4141.17228009259,2015,0.595
"627","KANSAS/LOWER REPUBLICAN RIVER BASIN","SC","SC638","6/1/15",1235,38.94317,-95.06243,10270104,4232.15491898148,2015,1.585
"628","KANSAS/LOWER REPUBLICAN RIVER BASIN","SC","SC638","9/1/15",1318,38.94317,-95.06243,10270104,4324.18478009259,2015,0.885
"629","KANSAS/LOWER REPUBLICAN RIVER BASIN","SC","SC638","12/1/15",1321,38.94317,-95.06243,10270104,4415.18686342593,2015,1.785
"630","KANSAS/LOWER REPUBLICAN RIVER BASIN","SC","SC649","4/14/15",841,39.52424,-97.21047,10250017,4183.99241898148,2015,1.075
"631","KANSAS/LOWER REPUBLICAN RIVER BASIN","SC","SC649","7/20/15",1746,39.52424,-97.21047,10250017,4281.3708912037,2015,9.225
"632","KANSAS/LOWER REPUBLICAN RIVER BASIN","SC","SC649","10/19/15",1559,39.52424,-97.21047,10250017,4372.29658564815,2015,1.415
"633","KANSAS/LOWER REPUBLICAN RIVER BASIN","SC","SC652","3/3/15",1245,39.17206,-96.57676,10270101,4142.16186342593,2015,0.325
"634","KANSAS/LOWER REPUBLICAN RIVER BASIN","SC","SC652","6/2/15",1158,39.17206,-96.57676,10270101,4233.12922453704,2015,1.065
"635","KANSAS/LOWER REPUBLICAN RIVER BASIN","SC","SC652","6/2/15",1203,39.17206,-96.57676,10270101,4233.13269675926,2015,1.065
"636","KANSAS/LOWER REPUBLICAN RIVER BASIN","SC","SC652","9/8/15",1145,39.17206,-96.57676,10270101,4331.12019675926,2015,0.605
"637","KANSAS/LOWER REPUBLICAN RIVER BASIN","SC","SC652","12/2/15",1202,39.17206,-96.57676,10270101,4416.13200231481,2015,0.605
"638","WALNUT RIVER BASIN","SC","SC653","2/18/15",754,37.28833,-96.97403,11030018,4128.95978009259,2015,0.355
"639","WALNUT RIVER BASIN","SC","SC653","5/12/15",746,37.28833,-96.97403,11030018,4211.95422453704,2015,1.97
"640","WALNUT RIVER BASIN","SC","SC653","8/18/15",701,37.28833,-96.97403,11030018,4309.92297453704,2015,0.975
"641","WALNUT RIVER BASIN","SC","SC653","11/24/15",807,37.28833,-96.97403,11030018,4407.96880787037,2015,0.745
"642","WALNUT RIVER BASIN","SC","SC654","2/18/15",840,37.42603,-97.00569,11030018,4128.99172453704,2015,0.555
"643","WALNUT RIVER BASIN","SC","SC654","5/12/15",839,37.42603,-97.00569,11030018,4211.99103009259,2015,1.6
"644","WALNUT RIVER BASIN","SC","SC654","8/18/15",745,37.42603,-97.00569,11030018,4309.95353009259,2015,0.935
"645","WALNUT RIVER BASIN","SC","SC654","11/24/15",853,37.42603,-97.00569,11030018,4408.00075231482,2015,1.125
"646","WALNUT RIVER BASIN","SC","SC655","2/18/15",928,37.54487,-96.99196,11030018,4129.02505787037,2015,0.475
"647","WALNUT RIVER BASIN","SC","SC655","2/18/15",933,37.54487,-96.99196,11030018,4129.02853009259,2015,0.415
"648","WALNUT RIVER BASIN","SC","SC655","5/12/15",937,37.54487,-96.99196,11030018,4212.03130787037,2015,1.238
"649","WALNUT RIVER BASIN","SC","SC655","8/18/15",838,37.54487,-96.99196,11030018,4309.99033564815,2015,0.855
"650","WALNUT RIVER BASIN","SC","SC655","11/24/15",928,37.54487,-96.99196,11030018,4408.02505787037,2015,0.735
"651","LOWER ARKANSAS RIVER BASIN","SC","SC656","2/9/15",1143,38.31456,-98.20173,11030011,4120.11880787037,2015,1.025
"652","LOWER ARKANSAS RIVER BASIN","SC","SC656","5/4/15",1202,38.31456,-98.20173,11030011,4204.13200231481,2015,2.5
"653","LOWER ARKANSAS RIVER BASIN","SC","SC656","8/10/15",1203,38.31456,-98.20173,11030011,4302.13269675926,2015,3.425
"654","LOWER ARKANSAS RIVER BASIN","SC","SC656","11/2/15",1224,38.31456,-98.20173,11030011,4386.14728009259,2015,10.15
"655","LOWER ARKANSAS RIVER BASIN","SC","SC657","2/9/15",1154,38.30674,-98.20179,11030011,4120.12644675926,2015,0.685
"656","LOWER ARKANSAS RIVER BASIN","SC","SC657","5/4/15",1213,38.30674,-98.20179,11030011,4204.1396412037,2015,2.51
"657","LOWER ARKANSAS RIVER BASIN","SC","SC657","8/10/15",1214,38.30674,-98.20179,11030011,4302.14033564815,2015,4.067
"658","LOWER ARKANSAS RIVER BASIN","SC","SC657","11/2/15",1237,38.30674,-98.20179,11030011,4386.15630787037,2015,0.745
"659","KANSAS/LOWER REPUBLICAN RIVER BASIN","SC","SC678","3/2/15",1438,38.91351,-95.29366,10270104,4141.24033564815,2015,0.445
"660","KANSAS/LOWER REPUBLICAN RIVER BASIN","SC","SC678","6/1/15",1445,38.91351,-95.29366,10270104,4232.24519675926,2015,1.369
"661","KANSAS/LOWER REPUBLICAN RIVER BASIN","SC","SC678","9/1/15",1513,38.91351,-95.29366,10270104,4324.2646412037,2015,0.635
"662","KANSAS/LOWER REPUBLICAN RIVER BASIN","SC","SC678","12/1/15",1510,38.91351,-95.29366,10270104,4415.26255787037,2015,1.405
"663","MISSOURI RIVER BASIN","SC","SC682","1/5/15",1328,39.78364,-96.04983,10240007,4085.19172453704,2015,3.658
"664","MISSOURI RIVER BASIN","SC","SC682","4/20/15",1444,39.78364,-96.04983,10240007,4190.24450231481,2015,1.69
"665","MISSOURI RIVER BASIN","SC","SC682","4/20/15",1449,39.78364,-96.04983,10240007,4190.24797453704,2015,1.67
"666","MISSOURI RIVER BASIN","SC","SC682","7/13/15",1430,39.78364,-96.04983,10240007,4274.23478009259,2015,3.885
"667","MISSOURI RIVER BASIN","SC","SC682","10/12/15",1431,39.78364,-96.04983,10240007,4365.23547453704,2015,2.125
"668","MISSOURI RIVER BASIN","SC","SC682","10/12/15",1436,39.78364,-96.04983,10240007,4365.23894675926,2015,1.985
"669","KANSAS/LOWER REPUBLICAN RIVER BASIN","SC","SC683","1/5/15",913,39.36338,-95.28536,10270104,4085.0146412037,2015,4.627
"670","KANSAS/LOWER REPUBLICAN RIVER BASIN","SC","SC683","4/20/15",908,39.36338,-95.28536,10270104,4190.01116898148,2015,1.848
"671","KANSAS/LOWER REPUBLICAN RIVER BASIN","SC","SC683","7/13/15",936,39.36338,-95.28536,10270104,4274.03061342593,2015,3.625
"672","KANSAS/LOWER REPUBLICAN RIVER BASIN","SC","SC683","7/13/15",941,39.36338,-95.28536,10270104,4274.03408564815,2015,3.625
"673","KANSAS/LOWER REPUBLICAN RIVER BASIN","SC","SC683","10/12/15",950,39.36338,-95.28536,10270104,4365.04033564815,2015,1.595
"674","KANSAS/LOWER REPUBLICAN RIVER BASIN","SC","SC684","4/20/15",1755,39.24527,-95.58252,10270103,4190.3771412037,2015,0.825
"675","KANSAS/LOWER REPUBLICAN RIVER BASIN","SC","SC684","7/13/15",1740,39.24527,-95.58252,10270103,4274.36672453704,2015,0.925
"676","NEOSHO RIVER BASIN","SC","SC689","2/3/15",1058,38.36188,-96.45502,11070203,4114.08755787037,2015,0.335
"677","NEOSHO RIVER BASIN","SC","SC689","5/27/15",1109,38.36188,-96.45502,11070203,4227.09519675926,2015,0.825
"678","NEOSHO RIVER BASIN","SC","SC689","8/4/15",1101,38.36188,-96.45502,11070203,4296.0896412037,2015,0.745
"679","NEOSHO RIVER BASIN","SC","SC689","11/9/15",1114,38.36188,-96.45502,11070203,4393.09866898148,2015,0.435
"680","MARAIS DES CYGNES RIVER BASIN","SC","SC692","3/18/15",1438,38.630439,-95.333168,10290101,4157.24033564815,2015,0.635
"681","MARAIS DES CYGNES RIVER BASIN","SC","SC692","6/16/15",1430,38.630439,-95.333168,10290101,4247.23478009259,2015,1.545
"682","MARAIS DES CYGNES RIVER BASIN","SC","SC692","9/15/15",1509,38.630439,-95.333168,10290101,4338.26186342593,2015,0.845
"683","MARAIS DES CYGNES RIVER BASIN","SC","SC692","12/8/15",1359,38.630439,-95.333168,10290101,4422.21325231481,2015,2.325
"684","MARAIS DES CYGNES RIVER BASIN","SC","SC697","3/18/15",1115,38.43938,-94.76829,10290102,4157.09936342593,2015,0.505
"685","MARAIS DES CYGNES RIVER BASIN","SC","SC697","6/16/15",1204,38.43938,-94.76829,10290102,4247.1333912037,2015,1.355
"686","MARAIS DES CYGNES RIVER BASIN","SC","SC697","9/15/15",1150,38.43938,-94.76829,10290102,4338.12366898148,2015,0.955
"687","MARAIS DES CYGNES RIVER BASIN","SC","SC697","12/8/15",1141,38.43938,-94.76829,10290102,4422.11741898148,2015,0.945
"688","WALNUT RIVER BASIN","SC","SC704","2/18/15",911,37.51954,-97.04868,11030018,4129.01325231481,2015,0.395
"689","WALNUT RIVER BASIN","SC","SC704","5/12/15",907,37.51954,-97.04868,11030018,4212.01047453704,2015,2.04
"690","WALNUT RIVER BASIN","SC","SC704","8/18/15",816,37.51954,-97.04868,11030018,4309.97505787037,2015,1.315
"691","WALNUT RIVER BASIN","SC","SC704","11/24/15",913,37.51954,-97.04868,11030018,4408.0146412037,2015,0.725
"692","KANSAS/LOWER REPUBLICAN RIVER BASIN","SC","SC709","7/20/15",1839,39.57194,-97.46929,10250017,4281.40769675926,2015,6.925
"693","KANSAS/LOWER REPUBLICAN RIVER BASIN","SC","SC710","4/14/15",911,39.49184,-97.27524,10250017,4184.01325231481,2015,1.075
"694","KANSAS/LOWER REPUBLICAN RIVER BASIN","SC","SC710","7/20/15",1808,39.49184,-97.27524,10250017,4281.38616898148,2015,4.585
"695","KANSAS/LOWER REPUBLICAN RIVER BASIN","SC","SC710","10/19/15",1626,39.49184,-97.27524,10250017,4372.31533564815,2015,0.685
"696","NEOSHO RIVER BASIN","SC","SC718","2/3/15",1045,38.435708,-96.549734,11070203,4114.07853009259,2015,0.175
"697","NEOSHO RIVER BASIN","SC","SC718","5/27/15",850,38.435708,-96.549734,11070203,4226.99866898148,2015,0.585
"698","NEOSHO RIVER BASIN","SC","SC718","8/4/15",1015,38.435708,-96.549734,11070203,4296.05769675926,2015,0.455
"699","NEOSHO RIVER BASIN","SC","SC718","11/9/15",1000,38.435708,-96.549734,11070203,4393.04728009259,2015,0.285
"700","NEOSHO RIVER BASIN","SC","SC719","2/3/15",940,38.49232,-96.58299,11070203,4114.0333912037,2015,0.175
"701","NEOSHO RIVER BASIN","SC","SC719","5/27/15",1045,38.49232,-96.58299,11070203,4227.07853009259,2015,0.335
"702","NEOSHO RIVER BASIN","SC","SC719","8/4/15",915,38.49232,-96.58299,11070203,4296.01603009259,2015,0.175
"703","NEOSHO RIVER BASIN","SC","SC719","11/9/15",900,38.49232,-96.58299,11070203,4393.00561342593,2015,0.255
"704","MARAIS DES CYGNES RIVER BASIN","SC","SC720","3/18/15",1536,38.579702,-95.52048,10290101,4157.28061342593,2015,0.565
"705","MARAIS DES CYGNES RIVER BASIN","SC","SC720","6/16/15",1529,38.579702,-95.52048,10290101,4247.27575231481,2015,0.715
"706","MARAIS DES CYGNES RIVER BASIN","SC","SC720","9/15/15",1610,38.579702,-95.52048,10290101,4338.30422453704,2015,0.705
"707","MARAIS DES CYGNES RIVER BASIN","SC","SC720","12/8/15",1502,38.579702,-95.52048,10290101,4422.25700231481,2015,0.945
"708","SOLOMON RIVER BASIN","SC","SC721","1/27/15",1221,39.673585,-99.103037,10260012,4107.14519675926,2015,0.865
"709","SOLOMON RIVER BASIN","SC","SC721","4/7/15",1219,39.673585,-99.103037,10260012,4177.14380787037,2015,1.375
"710","SOLOMON RIVER BASIN","SC","SC721","7/7/15",1321,39.673585,-99.103037,10260012,4268.18686342593,2015,4.575
"711","SOLOMON RIVER BASIN","SC","SC721","10/6/15",1123,39.673585,-99.103037,10260012,4359.10491898148,2015,2.005
"712","LOWER ARKANSAS RIVER BASIN","SC","SC728","2/10/15",818,37.6933,-97.35166,11030012,4120.97644675926,2015,0.815
"713","LOWER ARKANSAS RIVER BASIN","SC","SC728","5/5/15",805,37.6933,-97.35166,11030012,4204.96741898148,2015,2.075
"714","LOWER ARKANSAS RIVER BASIN","SC","SC728","8/11/15",657,37.6933,-97.35166,11030012,4302.92019675926,2015,3.125
"715","LOWER ARKANSAS RIVER BASIN","SC","SC728","11/3/15",854,37.6933,-97.35166,11030012,4387.00144675926,2015,1.055
"716","LOWER ARKANSAS RIVER BASIN","SC","SC729","2/17/15",1224,37.607,-97.30685,11030013,4128.14728009259,2015,1.925
"717","LOWER ARKANSAS RIVER BASIN","SC","SC729","5/11/15",1205,37.607,-97.30685,11030013,4211.13408564815,2015,2.825
"718","LOWER ARKANSAS RIVER BASIN","SC","SC729","8/17/15",1123,37.607,-97.30685,11030013,4309.10491898148,2015,1.925
"719","LOWER ARKANSAS RIVER BASIN","SC","SC729","11/23/15",1201,37.607,-97.30685,11030013,4407.13130787037,2015,2.125
"720","LOWER ARKANSAS RIVER BASIN","SC","SC730","2/17/15",1140,37.641714,-97.445713,11030013,4128.11672453704,2015,1.065
"721","LOWER ARKANSAS RIVER BASIN","SC","SC730","5/11/15",1124,37.641714,-97.445713,11030013,4211.10561342593,2015,2.51
"722","LOWER ARKANSAS RIVER BASIN","SC","SC730","8/17/15",1029,37.641714,-97.445713,11030013,4309.06741898148,2015,1.565
"723","LOWER ARKANSAS RIVER BASIN","SC","SC730","11/23/15",1117,37.641714,-97.445713,11030013,4407.10075231481,2015,1.115
"724","LOWER ARKANSAS RIVER BASIN","SC","SC732","2/23/15",1656,37.507295,-99.14698,11060003,4134.33616898148,2015,2.245
"725","LOWER ARKANSAS RIVER BASIN","SC","SC732","5/18/15",1641,37.507295,-99.14698,11060003,4218.32575231481,2015,2.275
"726","LOWER ARKANSAS RIVER BASIN","SC","SC732","5/18/15",1646,37.507295,-99.14698,11060003,4218.32922453704,2015,2.365
"727","LOWER ARKANSAS RIVER BASIN","SC","SC732","8/24/15",1824,37.507295,-99.14698,11060003,4316.39728009259,2015,2.415
"728","LOWER ARKANSAS RIVER BASIN","SC","SC732","11/16/15",1721,37.507295,-99.14698,11060003,4400.35353009259,2015,2.405
"729","SOLOMON RIVER BASIN","SC","SC737","1/27/15",951,39.43919,-99.101685,10260014,4107.04103009259,2015,0.395
"730","SOLOMON RIVER BASIN","SC","SC737","4/7/15",911,39.43919,-99.101685,10260014,4177.01325231481,2015,0.725
"731","SOLOMON RIVER BASIN","SC","SC737","7/7/15",858,39.43919,-99.101685,10260014,4268.00422453704,2015,0.785
"732","SOLOMON RIVER BASIN","SC","SC737","10/6/15",905,39.43919,-99.101685,10260014,4359.00908564815,2015,0.725
"733","SMOKY-SALINE RIVER BASIN","SC","SC739","1/26/15",1019,38.74888,-100.448114,10260003,4106.06047453704,2015,0.675
"734","SMOKY-SALINE RIVER BASIN","SC","SC739","4/6/15",1128,38.74888,-100.448114,10260003,4176.1083912037,2015,0.745
"735","SMOKY-SALINE RIVER BASIN","SC","SC739","7/6/15",1101,38.74888,-100.448114,10260003,4267.0896412037,2015,2.63
"736","SMOKY-SALINE RIVER BASIN","SC","SC739","10/5/15",1150,38.74888,-100.448114,10260003,4358.12366898148,2015,0.865
"737","NEOSHO RIVER BASIN","SC","SC740","2/3/15",909,38.269503,-95.959231,11070201,4114.01186342593,2015,1.795
"738","NEOSHO RIVER BASIN","SC","SC740","5/27/15",922,38.269503,-95.959231,11070201,4227.0208912037,2015,1.385
"739","NEOSHO RIVER BASIN","SC","SC740","8/4/15",915,38.269503,-95.959231,11070201,4296.01603009259,2015,1.315
"740","KANSAS/LOWER REPUBLICAN RIVER BASIN","SC","SC741","4/13/15",1020,39.700794,-96.754517,10270207,4183.06116898148,2015,1.165
"741","KANSAS/LOWER REPUBLICAN RIVER BASIN","SC","SC741","7/20/15",1258,39.700794,-96.754517,10270207,4281.1708912037,2015,5.954
"742","KANSAS/LOWER REPUBLICAN RIVER BASIN","SC","SC741","10/19/15",1025,39.700794,-96.754517,10270207,4372.0646412037,2015,0.765
"743","MARAIS DES CYGNES RIVER BASIN","SC","SC742","2/2/15",1208,38.53571,-95.94987,10290101,4113.13616898148,2015,1.145
"744","MARAIS DES CYGNES RIVER BASIN","SC","SC742","5/26/15",1235,38.53571,-95.94987,10290101,4226.15491898148,2015,1.675
"745","MARAIS DES CYGNES RIVER BASIN","SC","SC742","8/3/15",1247,38.53571,-95.94987,10290101,4295.16325231481,2015,0.765
"746","MARAIS DES CYGNES RIVER BASIN","SC","SC742","11/4/15",1129,38.53571,-95.94987,10290101,4388.10908564815,2015,0.995
"747","MARAIS DES CYGNES RIVER BASIN","SC","SC743","3/18/15",1154,38.49026,-94.85875,10290102,4157.12644675926,2015,0.665
"748","MARAIS DES CYGNES RIVER BASIN","SC","SC743","6/16/15",1246,38.49026,-94.85875,10290102,4247.16255787037,2015,1.215
"749","MARAIS DES CYGNES RIVER BASIN","SC","SC743","9/15/15",1243,38.49026,-94.85875,10290102,4338.16047453704,2015,1.485
"750","MARAIS DES CYGNES RIVER BASIN","SC","SC743","12/8/15",1216,38.49026,-94.85875,10290102,4422.14172453704,2015,1.595
"751","WALNUT RIVER BASIN","SC","SC744","2/18/15",1010,37.6158,-97.02502,11030018,4129.05422453704,2015,1.105
"752","WALNUT RIVER BASIN","SC","SC744","5/12/15",1007,37.6158,-97.02502,11030018,4212.0521412037,2015,1.6
"753","WALNUT RIVER BASIN","SC","SC744","8/18/15",915,37.6158,-97.02502,11030018,4310.01603009259,2015,1.295
"754","WALNUT RIVER BASIN","SC","SC744","11/24/15",1008,37.6158,-97.02502,11030018,4408.05283564815,2015,1.505
"755","MARAIS DES CYGNES RIVER BASIN","SC","SC745","3/18/15",1010,38.218466,-94.612755,10290102,4157.05422453704,2015,0.585
"756","MARAIS DES CYGNES RIVER BASIN","SC","SC745","6/16/15",1043,38.218466,-94.612755,10290102,4247.0771412037,2015,2.235
"757","MARAIS DES CYGNES RIVER BASIN","SC","SC745","9/15/15",1030,38.218466,-94.612755,10290102,4338.06811342593,2015,1.525
"758","MARAIS DES CYGNES RIVER BASIN","SC","SC745","12/8/15",1032,38.218466,-94.612755,10290102,4422.06950231481,2015,1.375
"759","SMOKY-SALINE RIVER BASIN","SC","SC748","1/26/15",1039,38.520925,-97.775208,10260008,4106.07436342593,2015,0.875
"760","SMOKY-SALINE RIVER BASIN","SC","SC748","1/26/15",1044,38.520925,-97.775208,10260008,4106.07783564815,2015,0.985
"761","SMOKY-SALINE RIVER BASIN","SC","SC748","4/6/15",1030,38.520925,-97.775208,10260008,4176.06811342593,2015,0.515
"762","SMOKY-SALINE RIVER BASIN","SC","SC748","7/6/15",1041,38.520925,-97.775208,10260008,4267.07575231481,2015,1.225
"763","SMOKY-SALINE RIVER BASIN","SC","SC748","10/5/15",1130,38.520925,-97.775208,10260008,4358.10978009259,2015,0.825
"764","SMOKY-SALINE RIVER BASIN","SC","SC749","1/26/15",1019,38.522101,-97.768209,10260008,4106.06047453704,2015,1.865
"765","SMOKY-SALINE RIVER BASIN","SC","SC749","4/6/15",1012,38.522101,-97.768209,10260008,4176.05561342593,2015,0.875
"766","SMOKY-SALINE RIVER BASIN","SC","SC749","7/6/15",1021,38.522101,-97.768209,10260008,4267.06186342593,2015,2.556
"767","SMOKY-SALINE RIVER BASIN","SC","SC749","10/5/15",1105,38.522101,-97.768209,10260008,4358.09241898148,2015,1.645
"768","WALNUT RIVER BASIN","SC","SC751","2/18/15",819,37.288749,-97.037238,11030018,4128.9771412037,2015,0.745
"769","WALNUT RIVER BASIN","SC","SC751","5/12/15",809,37.288749,-97.037238,11030018,4211.97019675926,2015,3.13
"770","WALNUT RIVER BASIN","SC","SC751","8/18/15",714,37.288749,-97.037238,11030018,4309.93200231481,2015,1.265
"771","WALNUT RIVER BASIN","SC","SC751","8/18/15",719,37.288749,-97.037238,11030018,4309.93547453704,2015,0.945
"772","WALNUT RIVER BASIN","SC","SC751","11/24/15",827,37.288749,-97.037238,11030018,4407.98269675926,2015,1.155
"773","SOLOMON RIVER BASIN","SC","SC753","1/27/15",1200,39.659111,-98.914778,10260012,4107.13061342593,2015,2.205
"774","SOLOMON RIVER BASIN","SC","SC753","4/7/15",1159,39.659111,-98.914778,10260012,4177.12991898148,2015,1.575
"775","SOLOMON RIVER BASIN","SC","SC753","7/7/15",1300,39.659111,-98.914778,10260012,4268.17228009259,2015,2.43
"776","SOLOMON RIVER BASIN","SC","SC753","10/6/15",1101,39.659111,-98.914778,10260012,4359.0896412037,2015,2.245
"777","KANSAS/LOWER REPUBLICAN RIVER BASIN","SC","SC755","3/3/15",1023,39.216389,-96.166056,10270102,4142.06325231482,2015,0.425
"778","KANSAS/LOWER REPUBLICAN RIVER BASIN","SC","SC755","6/2/15",941,39.216389,-96.166056,10270102,4233.03408564815,2015,0.805
"779","KANSAS/LOWER REPUBLICAN RIVER BASIN","SC","SC755","9/8/15",1000,39.216389,-96.166056,10270102,4331.04728009259,2015,1.215
"780","KANSAS/LOWER REPUBLICAN RIVER BASIN","SC","SC755","12/2/15",1043,39.216389,-96.166056,10270102,4416.0771412037,2015,0.845
"781","KANSAS/LOWER REPUBLICAN RIVER BASIN","SC","SC755","12/2/15",1048,39.216389,-96.166056,10270102,4416.08061342593,2015,0.845
"782","LOWER ARKANSAS RIVER BASIN","SC","SC758","2/10/15",758,37.69129,-97.35312,11030010,4120.96255787037,2015,2.385
"783","LOWER ARKANSAS RIVER BASIN","SC","SC758","5/5/15",749,37.69129,-97.35312,11030010,4204.95630787037,2015,1.675
"784","LOWER ARKANSAS RIVER BASIN","SC","SC758","8/11/15",645,37.69129,-97.35312,11030010,4302.91186342593,2015,5.225
"785","LOWER ARKANSAS RIVER BASIN","SC","SC758","11/3/15",842,37.69129,-97.35312,11030010,4386.99311342593,2015,1.505
"786","KANSAS/LOWER REPUBLICAN RIVER BASIN","SC","SC759","3/3/15",1310,39.131418,-96.707962,10270101,4142.17922453704,2015,0.335
"787","KANSAS/LOWER REPUBLICAN RIVER BASIN","SC","SC759","6/2/15",1229,39.131418,-96.707962,10270101,4233.15075231481,2015,0.325
"788","KANSAS/LOWER REPUBLICAN RIVER BASIN","SC","SC759","9/8/15",1210,39.131418,-96.707962,10270101,4331.13755787037,2015,1.235
"789","KANSAS/LOWER REPUBLICAN RIVER BASIN","SC","SC759","12/2/15",1224,39.131418,-96.707962,10270101,4416.14728009259,2015,0.375
